perturbation,dose,time,cell_line,perturbation_type,target_gene,moa,condition_key_coarse,condition_key_medium,condition_key_fine,condition_key_with_type,bio_key,condition_id,condition_key,batch,plate,run,well,site,z_plane,imaging_channel,sequencing_lane,library_id
BRD-A00218260,10uM,24h,A549,compound,NA,Sterol demethylase inhibitor,BRD-A00218260,BRD-A00218260|10uM|24h,BRD-A00218260|10uM|24h|A549,BRD-A00218260|compound|10uM|24h|A549,BRD-A00218260|10uM,BRD-A00218260|10uM,BRD-A00218260|10uM,SQ00015196,SQ00015196,NA,B13,profile,NA,NA,NA,NA
BRD-A02006392,10uM,24h,A549,compound,NA,Calcium channel blocker,BRD-A02006392,BRD-A02006392|10uM|24h,BRD-A02006392|10uM|24h|A549,BRD-A02006392|compound|10uM|24h|A549,BRD-A02006392|10uM,BRD-A02006392|10uM,BRD-A02006392|10uM,SQ00015128,SQ00015128,NA,G19,profile,NA,NA,NA,NA
BRD-A02367930,10uM,24h,A549,compound,NA,Estrogen receptor agonist|DNA directed DNA polymerase stimunlant|Estrogenic component in oral contraceptives,BRD-A02367930,BRD-A02367930|10uM|24h,BRD-A02367930|10uM|24h|A549,BRD-A02367930|compound|10uM|24h|A549,BRD-A02367930|10uM,BRD-A02367930|10uM,BRD-A02367930|10uM,SQ00015196,SQ00015196,NA,K01,profile,NA,NA,NA,NA
BRD-A02990301,10uM,24h,A549,compound,NA,Adrenergic receptor agonist,BRD-A02990301,BRD-A02990301|10uM|24h,BRD-A02990301|10uM|24h|A549,BRD-A02990301|compound|10uM|24h|A549,BRD-A02990301|10uM,BRD-A02990301|10uM,BRD-A02990301|10uM,SQ00015196,SQ00015196,NA,M07,profile,NA,NA,NA,NA
BRD-A03506276,10uM,24h,A549,compound,NA,HSP inhibitor,BRD-A03506276,BRD-A03506276|10uM|24h,BRD-A03506276|10uM|24h|A549,BRD-A03506276|compound|10uM|24h|A549,BRD-A03506276|10uM,BRD-A03506276|10uM,BRD-A03506276|10uM,SQ00015195,SQ00015195,NA,A07,profile,NA,NA,NA,NA
BRD-A10012892,10uM,24h,A549,compound,NA,Thrombin inhibitor,BRD-A10012892,BRD-A10012892|10uM|24h,BRD-A10012892|10uM|24h|A549,BRD-A10012892|compound|10uM|24h|A549,BRD-A10012892|10uM,BRD-A10012892|10uM,BRD-A10012892|10uM,SQ00015129,SQ00015129,NA,J19,profile,NA,NA,NA,NA
BRD-A10977446,10uM,24h,A549,compound,NA,Adrenergic receptor antagonist,BRD-A10977446,BRD-A10977446|10uM|24h,BRD-A10977446|10uM|24h|A549,BRD-A10977446|compound|10uM|24h|A549,BRD-A10977446|10uM,BRD-A10977446|10uM,BRD-A10977446|10uM,SQ00015129,SQ00015129,NA,N07,profile,NA,NA,NA,NA
BRD-A11319535,10uM,24h,A549,compound,NA,Immunosuppressant|Glucocorticoid receptor agonist,BRD-A11319535,BRD-A11319535|10uM|24h,BRD-A11319535|10uM|24h|A549,BRD-A11319535|compound|10uM|24h|A549,BRD-A11319535|10uM,BRD-A11319535|10uM,BRD-A11319535|10uM,SQ00015129,SQ00015129,NA,O13,profile,NA,NA,NA,NA
BRD-A11990600,10uM,24h,A549,compound,NA,Benzodiazepine receptor agonist,BRD-A11990600,BRD-A11990600|10uM|24h,BRD-A11990600|10uM|24h|A549,BRD-A11990600|compound|10uM|24h|A549,BRD-A11990600|10uM,BRD-A11990600|10uM,BRD-A11990600|10uM,SQ00015194,SQ00015194,NA,B07,profile,NA,NA,NA,NA
BRD-A14262390,10uM,24h,A549,compound,NA,Adrenergic inhibitor,BRD-A14262390,BRD-A14262390|10uM|24h,BRD-A14262390|10uM|24h|A549,BRD-A14262390|compound|10uM|24h|A549,BRD-A14262390|10uM,BRD-A14262390|10uM,BRD-A14262390|10uM,SQ00015194,SQ00015194,NA,J19,profile,NA,NA,NA,NA
BRD-A14886633,10uM,24h,A549,compound,NA,Progesterone receptor agonist,BRD-A14886633,BRD-A14886633|10uM|24h,BRD-A14886633|10uM|24h|A549,BRD-A14886633|compound|10uM|24h|A549,BRD-A14886633|10uM,BRD-A14886633|10uM,BRD-A14886633|10uM,SQ00015194,SQ00015194,NA,M01,profile,NA,NA,NA,NA
BRD-A14941520,10uM,24h,A549,compound,NA,MRP inhibitor|P-glycoprotein inhibitor,BRD-A14941520,BRD-A14941520|10uM|24h,BRD-A14941520|10uM|24h|A549,BRD-A14941520|compound|10uM|24h|A549,BRD-A14941520|10uM,BRD-A14941520|10uM,BRD-A14941520|10uM,SQ00015194,SQ00015194,NA,N01,profile,NA,NA,NA,NA
BRD-A15202882,10uM,24h,A549,compound,NA,Serotonin reuptake inhibitor,BRD-A15202882,BRD-A15202882|10uM|24h,BRD-A15202882|10uM|24h|A549,BRD-A15202882|compound|10uM|24h|A549,BRD-A15202882|10uM,BRD-A15202882|10uM,BRD-A15202882|10uM,SQ00015194,SQ00015194,NA,O07,profile,NA,NA,NA,NA
BRD-A16347691,10uM,24h,A549,compound,NA,Reducing agent|Aldehyde dehydrogenase activator|Protein kinase activator|Reverse transcriptase inhibitor,BRD-A16347691,BRD-A16347691|10uM|24h,BRD-A16347691|10uM|24h|A549,BRD-A16347691|compound|10uM|24h|A549,BRD-A16347691|10uM,BRD-A16347691|10uM,BRD-A16347691|10uM,SQ00015120,SQ00015120,NA,F01,profile,NA,NA,NA,NA
BRD-A18611368,10uM,24h,A549,compound,NA,Beta lactamase inhibitor,BRD-A18611368,BRD-A18611368|10uM|24h,BRD-A18611368|10uM|24h|A549,BRD-A18611368|compound|10uM|24h|A549,BRD-A18611368|10uM,BRD-A18611368|10uM,BRD-A18611368|10uM,SQ00015128,SQ00015128,NA,A07,profile,NA,NA,NA,NA
BRD-A18620900,10uM,24h,A549,compound,NA,Estrogen receptor agonist,BRD-A18620900,BRD-A18620900|10uM|24h,BRD-A18620900|10uM|24h|A549,BRD-A18620900|compound|10uM|24h|A549,BRD-A18620900|10uM,BRD-A18620900|10uM,BRD-A18620900|10uM,SQ00015120,SQ00015120,NA,P13,profile,NA,NA,NA,NA
BRD-A19195498,10uM,24h,A549,compound,NA,Norepinephrine reputake inhibitor|Tricyclic antidepressant,BRD-A19195498,BRD-A19195498|10uM|24h,BRD-A19195498|10uM|24h|A549,BRD-A19195498|compound|10uM|24h|A549,BRD-A19195498|10uM,BRD-A19195498|10uM,BRD-A19195498|10uM,SQ00015128,SQ00015128,NA,A19,profile,NA,NA,NA,NA
BRD-A19633847,10uM,24h,A549,compound,NA,Carnitine palmitoyltransferase inhibitor,BRD-A19633847,BRD-A19633847|10uM|24h,BRD-A19633847|10uM|24h|A549,BRD-A19633847|compound|10uM|24h|A549,BRD-A19633847|10uM,BRD-A19633847|10uM,BRD-A19633847|10uM,SQ00015128,SQ00015128,NA,D13,profile,NA,NA,NA,NA
BRD-A19736161,10uM,24h,A549,compound,NA,Serotonin receptor antagonist,BRD-A19736161,BRD-A19736161|10uM|24h,BRD-A19736161|10uM|24h|A549,BRD-A19736161|compound|10uM|24h|A549,BRD-A19736161|10uM,BRD-A19736161|10uM,BRD-A19736161|10uM,SQ00015128,SQ00015128,NA,C13,profile,NA,NA,NA,NA
BRD-A20119038,10uM,24h,A549,compound,NA,Acetylcholine receptor antagonist,BRD-A20119038,BRD-A20119038|10uM|24h,BRD-A20119038|10uM|24h|A549,BRD-A20119038|compound|10uM|24h|A549,BRD-A20119038|10uM,BRD-A20119038|10uM,BRD-A20119038|10uM,SQ00015128,SQ00015128,NA,E01,profile,NA,NA,NA,NA
BRD-A20239487,10uM,24h,A549,compound,NA,Adrenergic receptor antagonist,BRD-A20239487,BRD-A20239487|10uM|24h,BRD-A20239487|10uM|24h|A549,BRD-A20239487|compound|10uM|24h|A549,BRD-A20239487|10uM,BRD-A20239487|10uM,BRD-A20239487|10uM,SQ00014820,SQ00014820,NA,B13,profile,NA,NA,NA,NA
BRD-A24228527,10uM,24h,A549,compound,NA,Bacterial DNA gyrase inhibitor,BRD-A24228527,BRD-A24228527|10uM|24h,BRD-A24228527|10uM|24h|A549,BRD-A24228527|compound|10uM|24h|A549,BRD-A24228527|10uM,BRD-A24228527|10uM,BRD-A24228527|10uM,SQ00015128,SQ00015128,NA,N01,profile,NA,NA,NA,NA
BRD-A26690767,10uM,24h,A549,compound,NA,HIV protease inhibitor,BRD-A26690767,BRD-A26690767|10uM|24h,BRD-A26690767|10uM|24h|A549,BRD-A26690767|compound|10uM|24h|A549,BRD-A26690767|10uM,BRD-A26690767|10uM,BRD-A26690767|10uM,SQ00015116,SQ00015116,NA,E13,profile,NA,NA,NA,NA
BRD-A26711594,10uM,24h,A549,compound,NA,Calcium channel blocker,BRD-A26711594,BRD-A26711594|10uM|24h,BRD-A26711594|10uM|24h|A549,BRD-A26711594|compound|10uM|24h|A549,BRD-A26711594|10uM,BRD-A26711594|10uM,BRD-A26711594|10uM,SQ00015116,SQ00015116,NA,E19,profile,NA,NA,NA,NA
BRD-A27732521,10uM,24h,A549,compound,NA,Voltage-gated sodium channel blocker,BRD-A27732521,BRD-A27732521|10uM|24h,BRD-A27732521|10uM|24h|A549,BRD-A27732521|compound|10uM|24h|A549,BRD-A27732521|10uM,BRD-A27732521|10uM,BRD-A27732521|10uM,SQ00015116,SQ00015116,NA,H01,profile,NA,NA,NA,NA
BRD-A28467416,10uM,24h,A549,compound,NA,NA,BRD-A28467416,BRD-A28467416|10uM|24h,BRD-A28467416|10uM|24h|A549,BRD-A28467416|compound|10uM|24h|A549,BRD-A28467416|10uM,BRD-A28467416|10uM,BRD-A28467416|10uM,SQ00015116,SQ00015116,NA,I01,profile,NA,NA,NA,NA
BRD-A29322418,10uM,24h,A549,compound,NA,Mineralocorticoid receptor antagonist,BRD-A29322418,BRD-A29322418|10uM|24h,BRD-A29322418|10uM|24h|A549,BRD-A29322418|compound|10uM|24h|A549,BRD-A29322418|10uM,BRD-A29322418|10uM,BRD-A29322418|10uM,SQ00015116,SQ00015116,NA,L13,profile,NA,NA,NA,NA
BRD-A29520968,10uM,24h,A549,compound,NA,Cholesterol inhibitor,BRD-A29520968,BRD-A29520968|10uM|24h,BRD-A29520968|10uM|24h|A549,BRD-A29520968|compound|10uM|24h|A549,BRD-A29520968|10uM,BRD-A29520968|10uM,BRD-A29520968|10uM,SQ00015109,SQ00015109,NA,F01,profile,NA,NA,NA,NA
BRD-A33168282,10uM,24h,A549,compound,NA,Adrenergic receptor antagonist,BRD-A33168282,BRD-A33168282|10uM|24h,BRD-A33168282|10uM|24h|A549,BRD-A33168282|compound|10uM|24h|A549,BRD-A33168282|10uM,BRD-A33168282|10uM,BRD-A33168282|10uM,SQ00015124,SQ00015124,NA,H01,profile,NA,NA,NA,NA
BRD-A36331462,10uM,24h,A549,compound,NA,Proteasome inhibitor,BRD-A36331462,BRD-A36331462|10uM|24h,BRD-A36331462|10uM|24h|A549,BRD-A36331462|compound|10uM|24h|A549,BRD-A36331462|10uM,BRD-A36331462|10uM,BRD-A36331462|10uM,SQ00015124,SQ00015124,NA,O07,profile,NA,NA,NA,NA
BRD-A45153512,10uM,24h,A549,compound,NA,Prostanoid receptor agonist,BRD-A45153512,BRD-A45153512|10uM|24h,BRD-A45153512|10uM|24h|A549,BRD-A45153512|compound|10uM|24h|A549,BRD-A45153512|10uM,BRD-A45153512|10uM,BRD-A45153512|10uM,SQ00015096,SQ00015096,NA,J19,profile,NA,NA,NA,NA
BRD-A45889380,10uM,24h,A549,compound,NA,NFkB pathway inhibitor|Cytokine production inhibitor|TP53 activator,BRD-A45889380,BRD-A45889380|10uM|24h,BRD-A45889380|10uM|24h|A549,BRD-A45889380|compound|10uM|24h|A549,BRD-A45889380|10uM,BRD-A45889380|10uM,BRD-A45889380|10uM,SQ00015096,SQ00015096,NA,L01,profile,NA,NA,NA,NA
BRD-A47364545,10uM,24h,A549,compound,NA,NA,BRD-A47364545,BRD-A47364545|10uM|24h,BRD-A47364545|10uM|24h|A549,BRD-A47364545|compound|10uM|24h|A549,BRD-A47364545|10uM,BRD-A47364545|10uM,BRD-A47364545|10uM,SQ00015150,SQ00015150,NA,H01,profile,NA,NA,NA,NA
BRD-A50675702,10uM,24h,A549,compound,NA,Chloride channel blocker|GABA gated chloride channel blocker,BRD-A50675702,BRD-A50675702|10uM|24h,BRD-A50675702|10uM|24h|A549,BRD-A50675702|compound|10uM|24h|A549,BRD-A50675702|10uM,BRD-A50675702|10uM,BRD-A50675702|10uM,SQ00015150,SQ00015150,NA,O19,profile,NA,NA,NA,NA
BRD-A50764878,10uM,24h,A549,compound,NA,Serotonin receptor antagonist,BRD-A50764878,BRD-A50764878|10uM|24h,BRD-A50764878|10uM|24h|A549,BRD-A50764878|compound|10uM|24h|A549,BRD-A50764878|10uM,BRD-A50764878|10uM,BRD-A50764878|10uM,SQ00015142,SQ00015142,NA,A13,profile,NA,NA,NA,NA
BRD-A51820102,10uM,24h,A549,compound,NA,Lanosterol demethylase inhibitor|Sterol demethylase inhibitor|Bacterial cell wall synthesis inhibitor,BRD-A51820102,BRD-A51820102|10uM|24h,BRD-A51820102|10uM|24h|A549,BRD-A51820102|compound|10uM|24h|A549,BRD-A51820102|10uM,BRD-A51820102|10uM,BRD-A51820102|10uM,SQ00015138,SQ00015138,NA,D13,profile,NA,NA,NA,NA
BRD-A55579717,10uM,24h,A549,compound,NA,Acetylcholine receptor agonist,BRD-A55579717,BRD-A55579717|10uM|24h,BRD-A55579717|10uM|24h|A549,BRD-A55579717|compound|10uM|24h|A549,BRD-A55579717|10uM,BRD-A55579717|10uM,BRD-A55579717|10uM,SQ00015134,SQ00015134,NA,A07,profile,NA,NA,NA,NA
BRD-A61154809,10uM,24h,A549,compound,NA,ATP channel blocker|Insulin secretagogue,BRD-A61154809,BRD-A61154809|10uM|24h,BRD-A61154809|10uM|24h|A549,BRD-A61154809|compound|10uM|24h|A549,BRD-A61154809|10uM,BRD-A61154809|10uM,BRD-A61154809|10uM,SQ00015134,SQ00015134,NA,P01,profile,NA,NA,NA,NA
BRD-A61767428,10uM,24h,A549,compound,NA,11-beta hydroxysteroid dehydrogenase inhibitor|Acetylcholinesterase inhibitor|Caspase inhibitor|HIV protease inhibitor|Lipid peroxidase inhibitor|Quorum sensing signaling modulator|Steryl sulfatase inhibitor|Tyrosine phosphatase inhibitor|ATPase inhibitor|NFkB pathway inhibitor|STAT inhibitor,BRD-A61767428,BRD-A61767428|10uM|24h,BRD-A61767428|10uM|24h|A549,BRD-A61767428|compound|10uM|24h|A549,BRD-A61767428|10uM,BRD-A61767428|10uM,BRD-A61767428|10uM,SQ00015142,SQ00015142,NA,O19,profile,NA,NA,NA,NA
BRD-A62025033,10uM,24h,A549,compound,NA,MTOR inhibitor,BRD-A62025033,BRD-A62025033|10uM|24h,BRD-A62025033|10uM|24h|A549,BRD-A62025033|compound|10uM|24h|A549,BRD-A62025033|10uM,BRD-A62025033|10uM,BRD-A62025033|10uM,SQ00015100,SQ00015100,NA,E01,profile,NA,NA,NA,NA
BRD-A67616246,10uM,24h,A549,compound,NA,Histamine receptor antagonist,BRD-A67616246,BRD-A67616246|10uM|24h,BRD-A67616246|10uM|24h|A549,BRD-A67616246|compound|10uM|24h|A549,BRD-A67616246|10uM,BRD-A67616246|10uM,BRD-A67616246|10uM,SQ00015142,SQ00015142,NA,N01,profile,NA,NA,NA,NA
BRD-A68493689,10uM,24h,A549,compound,NA,HCV inhibitor,BRD-A68493689,BRD-A68493689|10uM|24h,BRD-A68493689|10uM|24h|A549,BRD-A68493689|compound|10uM|24h|A549,BRD-A68493689|10uM,BRD-A68493689|10uM,BRD-A68493689|10uM,SQ00014816,SQ00014816,NA,D19,profile,NA,NA,NA,NA
BRD-A70998768,10uM,24h,A549,compound,NA,T-type calcium channel blocker,BRD-A70998768,BRD-A70998768|10uM|24h,BRD-A70998768|10uM|24h|A549,BRD-A70998768|compound|10uM|24h|A549,BRD-A70998768|10uM,BRD-A70998768|10uM,BRD-A70998768|10uM,SQ00014816,SQ00014816,NA,L01,profile,NA,NA,NA,NA
BRD-A74391928,10uM,24h,A549,compound,NA,Potassium channel blocker,BRD-A74391928,BRD-A74391928|10uM|24h,BRD-A74391928|10uM|24h|A549,BRD-A74391928|compound|10uM|24h|A549,BRD-A74391928|10uM,BRD-A74391928|10uM,BRD-A74391928|10uM,SQ00015044,SQ00015044,NA,H19,profile,NA,NA,NA,NA
BRD-A74667430,10uM,24h,A549,compound,NA,Cyclooxygenase inhibitor,BRD-A74667430,BRD-A74667430|10uM|24h,BRD-A74667430|10uM|24h|A549,BRD-A74667430|compound|10uM|24h|A549,BRD-A74667430|10uM,BRD-A74667430|10uM,BRD-A74667430|10uM,SQ00015044,SQ00015044,NA,J01,profile,NA,NA,NA,NA
BRD-A75726477,10uM,24h,A549,compound,NA,Adrenergic receptor agonist,BRD-A75726477,BRD-A75726477|10uM|24h,BRD-A75726477|10uM|24h|A549,BRD-A75726477|compound|10uM|24h|A549,BRD-A75726477|10uM,BRD-A75726477|10uM,BRD-A75726477|10uM,SQ00014820,SQ00014820,NA,H01,profile,NA,NA,NA,NA
BRD-A76747559,10uM,24h,A549,compound,NA,Antioxidant|Capillary stabilizing agent|Nitric oxide scavenger,BRD-A76747559,BRD-A76747559|10uM|24h,BRD-A76747559|10uM|24h|A549,BRD-A76747559|compound|10uM|24h|A549,BRD-A76747559|10uM,BRD-A76747559|10uM,BRD-A76747559|10uM,SQ00014820,SQ00014820,NA,I01,profile,NA,NA,NA,NA
BRD-A78341343,10uM,24h,A549,compound,NA,Adenosine receptor agonist,BRD-A78341343,BRD-A78341343|10uM|24h,BRD-A78341343|10uM|24h|A549,BRD-A78341343|compound|10uM|24h|A549,BRD-A78341343|10uM,BRD-A78341343|10uM,BRD-A78341343|10uM,SQ00014820,SQ00014820,NA,M01,profile,NA,NA,NA,NA
BRD-A78877355,10uM,24h,A549,compound,NA,Cyclooxygenase inhibitor,BRD-A78877355,BRD-A78877355|10uM|24h,BRD-A78877355|10uM|24h|A549,BRD-A78877355|compound|10uM|24h|A549,BRD-A78877355|10uM,BRD-A78877355|10uM,BRD-A78877355|10uM,SQ00015044,SQ00015044,NA,N13,profile,NA,NA,NA,NA
BRD-A80017228,10uM,24h,A549,compound,NA,Sodium/potassium/chloride transporter inhibitor,BRD-A80017228,BRD-A80017228|10uM|24h,BRD-A80017228|10uM|24h|A549,BRD-A80017228|compound|10uM|24h|A549,BRD-A80017228|10uM,BRD-A80017228|10uM,BRD-A80017228|10uM,SQ00015044,SQ00015044,NA,O13,profile,NA,NA,NA,NA
BRD-A82156122,10uM,24h,A549,compound,NA,Dipeptidyl peptidase inhibitor,BRD-A82156122,BRD-A82156122|10uM|24h,BRD-A82156122|10uM|24h|A549,BRD-A82156122|compound|10uM|24h|A549,BRD-A82156122|10uM,BRD-A82156122|10uM,BRD-A82156122|10uM,SQ00014812,SQ00014812,NA,P13,profile,NA,NA,NA,NA
BRD-A82395837,10uM,24h,A549,compound,NA,Platelet activating factor receptor antagonist|GABA receptor antagonist|Glycine receptor antagonist|Immunosuppressant|Peptidase inhibitor|Protease inhibitor|Reducing agent,BRD-A82395837,BRD-A82395837|10uM|24h,BRD-A82395837|10uM|24h|A549,BRD-A82395837|compound|10uM|24h|A549,BRD-A82395837|10uM,BRD-A82395837|10uM,BRD-A82395837|10uM,SQ00015100,SQ00015100,NA,F13,profile,NA,NA,NA,NA
BRD-A82772293,10uM,24h,A549,compound,NA,Mucosa associated lymphoid tissue lymphoma translocation protein 1 (MALT1) inhibitor,BRD-A82772293,BRD-A82772293|10uM|24h,BRD-A82772293|10uM|24h|A549,BRD-A82772293|compound|10uM|24h|A549,BRD-A82772293|10uM,BRD-A82772293|10uM,BRD-A82772293|10uM,SQ00015100,SQ00015100,NA,H01,profile,NA,NA,NA,NA
BRD-A85439007,10uM,24h,A549,compound,NA,DNA synthesis inhibitor,BRD-A85439007,BRD-A85439007|10uM|24h,BRD-A85439007|10uM|24h|A549,BRD-A85439007|compound|10uM|24h|A549,BRD-A85439007|10uM,BRD-A85439007|10uM,BRD-A85439007|10uM,SQ00015100,SQ00015100,NA,M13,profile,NA,NA,NA,NA
BRD-A89164055,10uM,24h,A549,compound,NA,Aldose reductase inhibitor,BRD-A89164055,BRD-A89164055|10uM|24h,BRD-A89164055|10uM|24h|A549,BRD-A89164055|compound|10uM|24h|A549,BRD-A89164055|10uM,BRD-A89164055|10uM,BRD-A89164055|10uM,SQ00015048,SQ00015048,NA,E07,profile,NA,NA,NA,NA
BRD-A91699651,10uM,24h,A549,compound,NA,Antimalarial agent,BRD-A91699651,BRD-A91699651|10uM|24h,BRD-A91699651|10uM|24h|A549,BRD-A91699651|compound|10uM|24h|A549,BRD-A91699651|10uM,BRD-A91699651|10uM,BRD-A91699651|10uM,SQ00015048,SQ00015048,NA,L01,profile,NA,NA,NA,NA
BRD-A91877226,10uM,24h,A549,compound,NA,DNA synthesis inhibitor|Thymidylate synthase inhibitor,BRD-A91877226,BRD-A91877226|10uM|24h,BRD-A91877226|10uM|24h|A549,BRD-A91877226|compound|10uM|24h|A549,BRD-A91877226|10uM,BRD-A91877226|10uM,BRD-A91877226|10uM,SQ00015048,SQ00015048,NA,K13,profile,NA,NA,NA,NA
BRD-A92826379,10uM,24h,A549,compound,NA,Sodium channel blocker,BRD-A92826379,BRD-A92826379|10uM|24h,BRD-A92826379|10uM|24h|A549,BRD-A92826379|compound|10uM|24h|A549,BRD-A92826379|10uM,BRD-A92826379|10uM,BRD-A92826379|10uM,SQ00015056,SQ00015056,NA,D01,profile,NA,NA,NA,NA
BRD-A95032015,10uM,24h,A549,compound,NA,Reverse transcriptase inhibitor,BRD-A95032015,BRD-A95032015|10uM|24h,BRD-A95032015|10uM|24h|A549,BRD-A95032015|compound|10uM|24h|A549,BRD-A95032015|10uM,BRD-A95032015|10uM,BRD-A95032015|10uM,SQ00015056,SQ00015056,NA,J01,profile,NA,NA,NA,NA
BRD-A95696066,10uM,24h,A549,compound,NA,Norepinephrine reuptake inhibitor,BRD-A95696066,BRD-A95696066|10uM|24h,BRD-A95696066|10uM|24h|A549,BRD-A95696066|compound|10uM|24h|A549,BRD-A95696066|10uM,BRD-A95696066|10uM,BRD-A95696066|10uM,SQ00015056,SQ00015056,NA,I19,profile,NA,NA,NA,NA
BRD-A97104540,10uM,24h,A549,compound,NA,Adrenergic receptor agonist,BRD-A97104540,BRD-A97104540|10uM|24h,BRD-A97104540|10uM|24h|A549,BRD-A97104540|compound|10uM|24h|A549,BRD-A97104540|10uM,BRD-A97104540|10uM,BRD-A97104540|10uM,SQ00015052,SQ00015052,NA,I01,profile,NA,NA,NA,NA
BRD-A97808748,10uM,24h,A549,compound,NA,Mineralocorticoid receptor antagonist,BRD-A97808748,BRD-A97808748|10uM|24h,BRD-A97808748|10uM|24h|A549,BRD-A97808748|compound|10uM|24h|A549,BRD-A97808748|10uM,BRD-A97808748|10uM,BRD-A97808748|10uM,SQ00015052,SQ00015052,NA,O07,profile,NA,NA,NA,NA
BRD-K00077635,10uM,24h,A549,compound,NA,DNA synthesis inhibitor|Microtubule inhibitor|DNA alkylating drug|DNA inhibitor|Estrogen receptor agonist,BRD-K00077635,BRD-K00077635|10uM|24h,BRD-K00077635|10uM|24h|A549,BRD-K00077635|compound|10uM|24h|A549,BRD-K00077635|10uM,BRD-K00077635|10uM,BRD-K00077635|10uM,SQ00015196,SQ00015196,NA,A07,profile,NA,NA,NA,NA
BRD-K00494077,10uM,24h,A549,compound,NA,Bacterial DNA gyrase inhibitor,BRD-K00494077,BRD-K00494077|10uM|24h,BRD-K00494077|10uM|24h|A549,BRD-K00494077|compound|10uM|24h|A549,BRD-K00494077|10uM,BRD-K00494077|10uM,BRD-K00494077|10uM,SQ00015196,SQ00015196,NA,C01,profile,NA,NA,NA,NA
BRD-K00603606,10uM,24h,A549,compound,NA,Purinergic receptor antagonist,BRD-K00603606,BRD-K00603606|10uM|24h,BRD-K00603606|10uM|24h|A549,BRD-K00603606|compound|10uM|24h|A549,BRD-K00603606|10uM,BRD-K00603606|10uM,BRD-K00603606|10uM,SQ00015196,SQ00015196,NA,D07,profile,NA,NA,NA,NA
BRD-K00674894,10uM,24h,A549,compound,NA,Androgen biosynthesis inhibitor|Androgen receptor antagonist|Cytochrome P450 inhibitor,BRD-K00674894,BRD-K00674894|10uM|24h,BRD-K00674894|10uM|24h|A549,BRD-K00674894|compound|10uM|24h|A549,BRD-K00674894|10uM,BRD-K00674894|10uM,BRD-K00674894|10uM,SQ00015196,SQ00015196,NA,E01,profile,NA,NA,NA,NA
BRD-K01638814,10uM,24h,A549,compound,NA,Adrenergic receptor agonist|Imidazoline receptor agonist,BRD-K01638814,BRD-K01638814|10uM|24h,BRD-K01638814|10uM|24h|A549,BRD-K01638814|compound|10uM|24h|A549,BRD-K01638814|10uM,BRD-K01638814|10uM,BRD-K01638814|10uM,SQ00015194,SQ00015194,NA,N19,profile,NA,NA,NA,NA
BRD-K01815685,10uM,24h,A549,compound,NA,"Aryl hydrocarbon receptor agonist|Indoleamine 2,3-dioxygenase inhibitor",BRD-K01815685,BRD-K01815685|10uM|24h,BRD-K01815685|10uM|24h|A549,BRD-K01815685|compound|10uM|24h|A549,BRD-K01815685|10uM,BRD-K01815685|10uM,BRD-K01815685|10uM,SQ00015196,SQ00015196,NA,H19,profile,NA,NA,NA,NA
BRD-K02389548,10uM,24h,A549,compound,NA,HDAC inhibitor,BRD-K02389548,BRD-K02389548|10uM|24h,BRD-K02389548|10uM|24h|A549,BRD-K02389548|compound|10uM|24h|A549,BRD-K02389548|10uM,BRD-K02389548|10uM,BRD-K02389548|10uM,SQ00015196,SQ00015196,NA,L01,profile,NA,NA,NA,NA
BRD-K02501528,10uM,24h,A549,compound,NA,Glutamate receptor modulator,BRD-K02501528,BRD-K02501528|10uM|24h,BRD-K02501528|10uM|24h|A549,BRD-K02501528|compound|10uM|24h|A549,BRD-K02501528|10uM,BRD-K02501528|10uM,BRD-K02501528|10uM,SQ00015196,SQ00015196,NA,K13,profile,NA,NA,NA,NA
BRD-K03384561,10uM,24h,A549,compound,NA,Angiogenesis inhibitor|TNF production inhibitor,BRD-K03384561,BRD-K03384561|10uM|24h,BRD-K03384561|10uM|24h|A549,BRD-K03384561|compound|10uM|24h|A549,BRD-K03384561|10uM,BRD-K03384561|10uM,BRD-K03384561|10uM,SQ00015196,SQ00015196,NA,P13,profile,NA,NA,NA,NA
BRD-K04112579,10uM,24h,A549,compound,NA,Cyclooxygenase inhibitor,BRD-K04112579,BRD-K04112579|10uM|24h,BRD-K04112579|10uM|24h|A549,BRD-K04112579|compound|10uM|24h|A549,BRD-K04112579|10uM,BRD-K04112579|10uM,BRD-K04112579|10uM,SQ00015195,SQ00015195,NA,A19,profile,NA,NA,NA,NA
BRD-K04804440,10uM,24h,A549,compound,NA,Bacterial DNA gyrase inhibitor,BRD-K04804440,BRD-K04804440|10uM|24h,BRD-K04804440|10uM|24h|A549,BRD-K04804440|compound|10uM|24h|A549,BRD-K04804440|10uM,BRD-K04804440|10uM,BRD-K04804440|10uM,SQ00015195,SQ00015195,NA,C13,profile,NA,NA,NA,NA
BRD-K04887706,10uM,24h,A549,compound,NA,AKT inhibitor,BRD-K04887706,BRD-K04887706|10uM|24h,BRD-K04887706|10uM|24h|A549,BRD-K04887706|compound|10uM|24h|A549,BRD-K04887706|10uM,BRD-K04887706|10uM,BRD-K04887706|10uM,SQ00015150,SQ00015150,NA,G07,profile,NA,NA,NA,NA
BRD-K05236810,10uM,24h,A549,compound,NA,Glucosidase inhibitor,BRD-K05236810,BRD-K05236810|10uM|24h,BRD-K05236810|10uM|24h|A549,BRD-K05236810|compound|10uM|24h|A549,BRD-K05236810|10uM,BRD-K05236810|10uM,BRD-K05236810|10uM,SQ00015195,SQ00015195,NA,E07,profile,NA,NA,NA,NA
BRD-K05674516,10uM,24h,A549,compound,NA,RNA polymerase inhibitor,BRD-K05674516,BRD-K05674516|10uM|24h,BRD-K05674516|10uM|24h|A549,BRD-K05674516|compound|10uM|24h|A549,BRD-K05674516|10uM,BRD-K05674516|10uM,BRD-K05674516|10uM,SQ00015195,SQ00015195,NA,G07,profile,NA,NA,NA,NA
BRD-K06762493,10uM,24h,A549,compound,NA,Phosphodiesterase inhibitor,BRD-K06762493,BRD-K06762493|10uM|24h,BRD-K06762493|10uM|24h|A549,BRD-K06762493|compound|10uM|24h|A549,BRD-K06762493|10uM,BRD-K06762493|10uM,BRD-K06762493|10uM,SQ00015195,SQ00015195,NA,I19,profile,NA,NA,NA,NA
BRD-K07106112,10uM,24h,A549,compound,NA,NA,BRD-K07106112,BRD-K07106112|10uM|24h,BRD-K07106112|10uM|24h|A549,BRD-K07106112|compound|10uM|24h|A549,BRD-K07106112|10uM,BRD-K07106112|10uM,BRD-K07106112|10uM,SQ00015195,SQ00015195,NA,K19,profile,NA,NA,NA,NA
BRD-K07160047,10uM,24h,A549,compound,NA,DNA synthesis inhibitor,BRD-K07160047,BRD-K07160047|10uM|24h,BRD-K07160047|10uM|24h|A549,BRD-K07160047|compound|10uM|24h|A549,BRD-K07160047|10uM,BRD-K07160047|10uM,BRD-K07160047|10uM,SQ00015195,SQ00015195,NA,L19,profile,NA,NA,NA,NA
BRD-K07208025,10uM,24h,A549,compound,NA,Dihydrofolate reductase inhibitor,BRD-K07208025,BRD-K07208025|10uM|24h,BRD-K07208025|10uM|24h|A549,BRD-K07208025|compound|10uM|24h|A549,BRD-K07208025|10uM,BRD-K07208025|10uM,BRD-K07208025|10uM,SQ00015195,SQ00015195,NA,M01,profile,NA,NA,NA,NA
BRD-K07572174,10uM,24h,A549,compound,NA,Cyclooxygenase inhibitor|Histone acetyltransferase inhibitor|Lipoxygenase inhibitor|NFkB pathway inhibitor,BRD-K07572174,BRD-K07572174|10uM|24h,BRD-K07572174|10uM|24h|A549,BRD-K07572174|compound|10uM|24h|A549,BRD-K07572174|10uM,BRD-K07572174|10uM,BRD-K07572174|10uM,SQ00015138,SQ00015138,NA,N13,profile,NA,NA,NA,NA
BRD-K07609981,10uM,24h,A549,compound,NA,CCK receptor antagonist,BRD-K07609981,BRD-K07609981|10uM|24h,BRD-K07609981|10uM|24h|A549,BRD-K07609981|compound|10uM|24h|A549,BRD-K07609981|10uM,BRD-K07609981|10uM,BRD-K07609981|10uM,SQ00015195,SQ00015195,NA,P01,profile,NA,NA,NA,NA
BRD-K07753030,10uM,24h,A549,compound,NA,Polarization inhibitor,BRD-K07753030,BRD-K07753030|10uM|24h,BRD-K07753030|10uM|24h|A549,BRD-K07753030|compound|10uM|24h|A549,BRD-K07753030|10uM,BRD-K07753030|10uM,BRD-K07753030|10uM,SQ00015195,SQ00015195,NA,O13,profile,NA,NA,NA,NA
BRD-K08252256,10uM,24h,A549,compound,NA,Cyclooxygenase inhibitor,BRD-K08252256,BRD-K08252256|10uM|24h,BRD-K08252256|10uM|24h|A549,BRD-K08252256|compound|10uM|24h|A549,BRD-K08252256|10uM,BRD-K08252256|10uM,BRD-K08252256|10uM,SQ00015129,SQ00015129,NA,C07,profile,NA,NA,NA,NA
BRD-K08924299,10uM,24h,A549,compound,NA,Serotonin receptor antagonist,BRD-K08924299,BRD-K08924299|10uM|24h,BRD-K08924299|10uM|24h|A549,BRD-K08924299|compound|10uM|24h|A549,BRD-K08924299|10uM,BRD-K08924299|10uM,BRD-K08924299|10uM,SQ00015129,SQ00015129,NA,E13,profile,NA,NA,NA,NA
BRD-K10843433,10uM,24h,A549,compound,NA,Cyclooxygenase inhibitor|Prostanoid receptor antagonist,BRD-K10843433,BRD-K10843433|10uM|24h,BRD-K10843433|10uM|24h|A549,BRD-K10843433|compound|10uM|24h|A549,BRD-K10843433|10uM,BRD-K10843433|10uM,BRD-K10843433|10uM,SQ00015129,SQ00015129,NA,K13,profile,NA,NA,NA,NA
BRD-K11129031,10uM,24h,A549,compound,NA,Lipoprotein lipase activator,BRD-K11129031,BRD-K11129031|10uM|24h,BRD-K11129031|10uM|24h|A549,BRD-K11129031|compound|10uM|24h|A549,BRD-K11129031|10uM,BRD-K11129031|10uM,BRD-K11129031|10uM,SQ00015129,SQ00015129,NA,M19,profile,NA,NA,NA,NA
BRD-K11153516,10uM,24h,A549,compound,NA,PARP inhibitor,BRD-K11153516,BRD-K11153516|10uM|24h,BRD-K11153516|10uM|24h|A549,BRD-K11153516|compound|10uM|24h|A549,BRD-K11153516|10uM,BRD-K11153516|10uM,BRD-K11153516|10uM,SQ00015129,SQ00015129,NA,P01,profile,NA,NA,NA,NA
BRD-K11973162,10uM,24h,A549,compound,NA,Thymidine phosphorylase inhibitor,BRD-K11973162,BRD-K11973162|10uM|24h,BRD-K11973162|10uM|24h|A549,BRD-K11973162|compound|10uM|24h|A549,BRD-K11973162|10uM,BRD-K11973162|10uM,BRD-K11973162|10uM,SQ00015194,SQ00015194,NA,A07,profile,NA,NA,NA,NA
BRD-K12609457,10uM,24h,A549,compound,NA,Membrane permeability inhibitor,BRD-K12609457,BRD-K12609457|10uM|24h,BRD-K12609457|10uM|24h|A549,BRD-K12609457|compound|10uM|24h|A549,BRD-K12609457|10uM,BRD-K12609457|10uM,BRD-K12609457|10uM,SQ00015194,SQ00015194,NA,C07,profile,NA,NA,NA,NA
BRD-K12787259,10uM,24h,A549,compound,NA,NA,BRD-K12787259,BRD-K12787259|10uM|24h,BRD-K12787259|10uM|24h|A549,BRD-K12787259|compound|10uM|24h|A549,BRD-K12787259|10uM,BRD-K12787259|10uM,BRD-K12787259|10uM,SQ00015194,SQ00015194,NA,D13,profile,NA,NA,NA,NA
BRD-K12994359,10uM,24h,A549,compound,NA,Cyclooxygenase inhibitor,BRD-K12994359,BRD-K12994359|10uM|24h,BRD-K12994359|10uM|24h|A549,BRD-K12994359|compound|10uM|24h|A549,BRD-K12994359|10uM,BRD-K12994359|10uM,BRD-K12994359|10uM,SQ00015194,SQ00015194,NA,F13,profile,NA,NA,NA,NA
BRD-K13390322,10uM,24h,A549,compound,NA,CDK inhibitor|Cell cycle inhibitor,BRD-K13390322,BRD-K13390322|10uM|24h,BRD-K13390322|10uM|24h|A549,BRD-K13390322|compound|10uM|24h|A549,BRD-K13390322|10uM,BRD-K13390322|10uM,BRD-K13390322|10uM,SQ00015194,SQ00015194,NA,H19,profile,NA,NA,NA,NA
BRD-K13926615,10uM,24h,A549,compound,NA,Phosphodiesterase inhibitor,BRD-K13926615,BRD-K13926615|10uM|24h,BRD-K13926615|10uM|24h|A549,BRD-K13926615|compound|10uM|24h|A549,BRD-K13926615|10uM,BRD-K13926615|10uM,BRD-K13926615|10uM,SQ00015194,SQ00015194,NA,I13,profile,NA,NA,NA,NA
BRD-K14175878,10uM,24h,A549,compound,NA,NA,BRD-K14175878,BRD-K14175878|10uM|24h,BRD-K14175878|10uM|24h|A549,BRD-K14175878|compound|10uM|24h|A549,BRD-K14175878|10uM,BRD-K14175878|10uM,BRD-K14175878|10uM,SQ00015194,SQ00015194,NA,I19,profile,NA,NA,NA,NA
BRD-K14529030,10uM,24h,A549,compound,NA,STAT inhibitor,BRD-K14529030,BRD-K14529030|10uM|24h,BRD-K14529030|10uM|24h|A549,BRD-K14529030|compound|10uM|24h|A549,BRD-K14529030|10uM,BRD-K14529030|10uM,BRD-K14529030|10uM,SQ00015194,SQ00015194,NA,K01,profile,NA,NA,NA,NA
BRD-K15976406,10uM,24h,A549,compound,NA,DNA polymerase inhibitor,BRD-K15976406,BRD-K15976406|10uM|24h,BRD-K15976406|10uM|24h|A549,BRD-K15976406|compound|10uM|24h|A549,BRD-K15976406|10uM,BRD-K15976406|10uM,BRD-K15976406|10uM,SQ00015120,SQ00015120,NA,D01,profile,NA,NA,NA,NA
BRD-K16133773,10uM,24h,A549,compound,NA,"17,20 lyase inhibitor|Cytochrome P450 inhibitor|Steroid sulfatase inhibitor|Androgen biosynthesis inhibitor",BRD-K16133773,BRD-K16133773|10uM|24h,BRD-K16133773|10uM|24h|A549,BRD-K16133773|compound|10uM|24h|A549,BRD-K16133773|10uM,BRD-K16133773|10uM,BRD-K16133773|10uM,SQ00015120,SQ00015120,NA,C13,profile,NA,NA,NA,NA
BRD-K16195444,10uM,24h,A549,compound,NA,Adrenergic receptor agonist,BRD-K16195444,BRD-K16195444|10uM|24h,BRD-K16195444|10uM|24h|A549,BRD-K16195444|compound|10uM|24h|A549,BRD-K16195444|10uM,BRD-K16195444|10uM,BRD-K16195444|10uM,SQ00015120,SQ00015120,NA,D13,profile,NA,NA,NA,NA
BRD-K16295392,10uM,24h,A549,compound,NA,Endothelin receptor antagonist,BRD-K16295392,BRD-K16295392|10uM|24h,BRD-K16295392|10uM|24h|A549,BRD-K16295392|compound|10uM|24h|A549,BRD-K16295392|10uM,BRD-K16295392|10uM,BRD-K16295392|10uM,SQ00015120,SQ00015120,NA,D19,profile,NA,NA,NA,NA
BRD-K16730910,10uM,24h,A549,compound,NA,FGFR inhibitor|KIT inhibitor|PDGFR tyrosine kinase receptor inhibitor|RAF inhibitor|RET tyrosine kinase inhibitor|VEGFR inhibitor,BRD-K16730910,BRD-K16730910|10uM|24h,BRD-K16730910|10uM|24h|A549,BRD-K16730910|compound|10uM|24h|A549,BRD-K16730910|10uM,BRD-K16730910|10uM,BRD-K16730910|10uM,SQ00015120,SQ00015120,NA,F19,profile,NA,NA,NA,NA
BRD-K16761703,10uM,24h,A549,compound,NA,PKC inhibitor,BRD-K16761703,BRD-K16761703|10uM|24h,BRD-K16761703|10uM|24h|A549,BRD-K16761703|compound|10uM|24h|A549,BRD-K16761703|10uM,BRD-K16761703|10uM,BRD-K16761703|10uM,SQ00015120,SQ00015120,NA,G07,profile,NA,NA,NA,NA
BRD-K16803204,10uM,24h,A549,compound,NA,JAK inhibitor,BRD-K16803204,BRD-K16803204|10uM|24h,BRD-K16803204|10uM|24h|A549,BRD-K16803204|compound|10uM|24h|A549,BRD-K16803204|10uM,BRD-K16803204|10uM,BRD-K16803204|10uM,SQ00015120,SQ00015120,NA,H13,profile,NA,NA,NA,NA
BRD-K17561142,10uM,24h,A549,compound,NA,Potassium channel blocker,BRD-K17561142,BRD-K17561142|10uM|24h,BRD-K17561142|10uM|24h|A549,BRD-K17561142|compound|10uM|24h|A549,BRD-K17561142|10uM,BRD-K17561142|10uM,BRD-K17561142|10uM,SQ00015120,SQ00015120,NA,K13,profile,NA,NA,NA,NA
BRD-K17894950,10uM,24h,A549,compound,NA,CDK inhibitor|Glycogen synthase kinase inhibitor,BRD-K17894950,BRD-K17894950|10uM|24h,BRD-K17894950|10uM|24h|A549,BRD-K17894950|compound|10uM|24h|A549,BRD-K17894950|10uM,BRD-K17894950|10uM,BRD-K17894950|10uM,SQ00015120,SQ00015120,NA,M07,profile,NA,NA,NA,NA
BRD-K17930269,10uM,24h,A549,compound,NA,Protein synthesis inhibitor,BRD-K17930269,BRD-K17930269|10uM|24h,BRD-K17930269|10uM|24h|A549,BRD-K17930269|compound|10uM|24h|A549,BRD-K17930269|10uM,BRD-K17930269|10uM,BRD-K17930269|10uM,SQ00015120,SQ00015120,NA,N07,profile,NA,NA,NA,NA
BRD-K19352500,10uM,24h,A549,compound,NA,Dopamine receptor antagonist,BRD-K19352500,BRD-K19352500|10uM|24h,BRD-K19352500|10uM|24h|A549,BRD-K19352500|compound|10uM|24h|A549,BRD-K19352500|10uM,BRD-K19352500|10uM,BRD-K19352500|10uM,SQ00015128,SQ00015128,NA,C01,profile,NA,NA,NA,NA
BRD-K19939891,10uM,24h,A549,compound,NA,AKT inhibitor|TRAIL modulator,BRD-K19939891,BRD-K19939891|10uM|24h,BRD-K19939891|10uM|24h|A549,BRD-K19939891|compound|10uM|24h|A549,BRD-K19939891|10uM,BRD-K19939891|10uM,BRD-K19939891|10uM,SQ00015128,SQ00015128,NA,K13,profile,NA,NA,NA,NA
BRD-K20285085,10uM,24h,A549,compound,NA,SYK inhibitor,BRD-K20285085,BRD-K20285085|10uM|24h,BRD-K20285085|10uM|24h|A549,BRD-K20285085|compound|10uM|24h|A549,BRD-K20285085|10uM,BRD-K20285085|10uM,BRD-K20285085|10uM,SQ00015128,SQ00015128,NA,D19,profile,NA,NA,NA,NA
BRD-K20920669,10uM,24h,A549,compound,NA,Immunosuppressant,BRD-K20920669,BRD-K20920669|10uM|24h,BRD-K20920669|10uM|24h|A549,BRD-K20920669|compound|10uM|24h|A549,BRD-K20920669|10uM,BRD-K20920669|10uM,BRD-K20920669|10uM,SQ00015128,SQ00015128,NA,L13,profile,NA,NA,NA,NA
BRD-K22024824,10uM,24h,A549,compound,NA,Gamma secretase inhibitor,BRD-K22024824,BRD-K22024824|10uM|24h,BRD-K22024824|10uM|24h|A549,BRD-K22024824|compound|10uM|24h|A549,BRD-K22024824|10uM,BRD-K22024824|10uM,BRD-K22024824|10uM,SQ00015128,SQ00015128,NA,H01,profile,NA,NA,NA,NA
BRD-K22822991,10uM,24h,A549,compound,NA,Cathepsin inhibitor,BRD-K22822991,BRD-K22822991|10uM|24h,BRD-K22822991|10uM|24h|A549,BRD-K22822991|compound|10uM|24h|A549,BRD-K22822991|10uM,BRD-K22822991|10uM,BRD-K22822991|10uM,SQ00015128,SQ00015128,NA,H19,profile,NA,NA,NA,NA
BRD-K23248433,10uM,24h,A549,compound,NA,Motilin receptor agonist,BRD-K23248433,BRD-K23248433|10uM|24h,BRD-K23248433|10uM|24h|A549,BRD-K23248433|compound|10uM|24h|A549,BRD-K23248433|10uM,BRD-K23248433|10uM,BRD-K23248433|10uM,SQ00015128,SQ00015128,NA,M07,profile,NA,NA,NA,NA
BRD-K24723746,10uM,24h,A549,compound,NA,Acetylcholine receptor antagonist,BRD-K24723746,BRD-K24723746|10uM|24h,BRD-K24723746|10uM|24h|A549,BRD-K24723746|compound|10uM|24h|A549,BRD-K24723746|10uM,BRD-K24723746|10uM,BRD-K24723746|10uM,SQ00015128,SQ00015128,NA,L01,profile,NA,NA,NA,NA
BRD-K25433859,10uM,24h,A549,compound,NA,Norepinephrine reputake inhibitor|Tricyclic antidepressant,BRD-K25433859,BRD-K25433859|10uM|24h,BRD-K25433859|10uM|24h|A549,BRD-K25433859|compound|10uM|24h|A549,BRD-K25433859|10uM,BRD-K25433859|10uM,BRD-K25433859|10uM,SQ00015128,SQ00015128,NA,N19,profile,NA,NA,NA,NA
BRD-K26325692,10uM,24h,A549,compound,NA,NA,BRD-K26325692,BRD-K26325692|10uM|24h,BRD-K26325692|10uM|24h|A549,BRD-K26325692|compound|10uM|24h|A549,BRD-K26325692|10uM,BRD-K26325692|10uM,BRD-K26325692|10uM,SQ00015109,SQ00015109,NA,H13,profile,NA,NA,NA,NA
BRD-K26657438,10uM,24h,A549,compound,NA,Interferon inducer|TLR agonist,BRD-K26657438,BRD-K26657438|10uM|24h,BRD-K26657438|10uM|24h|A549,BRD-K26657438|compound|10uM|24h|A549,BRD-K26657438|10uM,BRD-K26657438|10uM,BRD-K26657438|10uM,SQ00015116,SQ00015116,NA,E07,profile,NA,NA,NA,NA
BRD-K27184429,10uM,24h,A549,compound,NA,Histamine receptor antagonist,BRD-K27184429,BRD-K27184429|10uM|24h,BRD-K27184429|10uM|24h|A549,BRD-K27184429|compound|10uM|24h|A549,BRD-K27184429|10uM,BRD-K27184429|10uM,BRD-K27184429|10uM,SQ00015128,SQ00015128,NA,O19,profile,NA,NA,NA,NA
BRD-K27955832,10uM,24h,A549,compound,NA,O6-alkylguanine-DNA alkyltransferase inhibitor,BRD-K27955832,BRD-K27955832|10uM|24h,BRD-K27955832|10uM|24h|A549,BRD-K27955832|compound|10uM|24h|A549,BRD-K27955832|10uM,BRD-K27955832|10uM,BRD-K27955832|10uM,SQ00015116,SQ00015116,NA,H07,profile,NA,NA,NA,NA
BRD-K28217197,10uM,24h,A549,compound,NA,GABA receptor modulator,BRD-K28217197,BRD-K28217197|10uM|24h,BRD-K28217197|10uM|24h|A549,BRD-K28217197|compound|10uM|24h|A549,BRD-K28217197|10uM,BRD-K28217197|10uM,BRD-K28217197|10uM,SQ00015116,SQ00015116,NA,H19,profile,NA,NA,NA,NA
BRD-K28428262,10uM,24h,A549,compound,NA,FGFR inhibitor|VEGFR inhibitor,BRD-K28428262,BRD-K28428262|10uM|24h,BRD-K28428262|10uM|24h|A549,BRD-K28428262|compound|10uM|24h|A549,BRD-K28428262|10uM,BRD-K28428262|10uM,BRD-K28428262|10uM,SQ00015109,SQ00015109,NA,C01,profile,NA,NA,NA,NA
BRD-K28470988,10uM,24h,A549,compound,NA,Inositol monophosphatase inhibitor,BRD-K28470988,BRD-K28470988|10uM|24h,BRD-K28470988|10uM|24h|A549,BRD-K28470988|compound|10uM|24h|A549,BRD-K28470988|10uM,BRD-K28470988|10uM,BRD-K28470988|10uM,SQ00015109,SQ00015109,NA,O19,profile,NA,NA,NA,NA
BRD-K28761891,10uM,24h,A549,compound,NA,Melatonin receptor agonist,BRD-K28761891,BRD-K28761891|10uM|24h,BRD-K28761891|10uM|24h|A549,BRD-K28761891|compound|10uM|24h|A549,BRD-K28761891|10uM,BRD-K28761891|10uM,BRD-K28761891|10uM,SQ00015116,SQ00015116,NA,I19,profile,NA,NA,NA,NA
BRD-K28971625,10uM,24h,A549,compound,NA,NA,BRD-K28971625,BRD-K28971625|10uM|24h,BRD-K28971625|10uM|24h|A549,BRD-K28971625|compound|10uM|24h|A549,BRD-K28971625|10uM,BRD-K28971625|10uM,BRD-K28971625|10uM,SQ00015116,SQ00015116,NA,K01,profile,NA,NA,NA,NA
BRD-K29133151,10uM,24h,A549,compound,NA,NA,BRD-K29133151,BRD-K29133151|10uM|24h,BRD-K29133151|10uM|24h|A549,BRD-K29133151|compound|10uM|24h|A549,BRD-K29133151|10uM,BRD-K29133151|10uM,BRD-K29133151|10uM,SQ00015109,SQ00015109,NA,J01,profile,NA,NA,NA,NA
BRD-K29359156,10uM,24h,A549,compound,NA,Cyclooxygenase inhibitor|Glutathione peroxidase agonist|H+/K+-ATPase inhibitor|Nitric oxide synthase inhibitor,BRD-K29359156,BRD-K29359156|10uM|24h,BRD-K29359156|10uM|24h|A549,BRD-K29359156|compound|10uM|24h|A549,BRD-K29359156|10uM,BRD-K29359156|10uM,BRD-K29359156|10uM,SQ00015116,SQ00015116,NA,L19,profile,NA,NA,NA,NA
BRD-K29968218,10uM,24h,A549,compound,NA,NA,BRD-K29968218,BRD-K29968218|10uM|24h,BRD-K29968218|10uM|24h|A549,BRD-K29968218|compound|10uM|24h|A549,BRD-K29968218|10uM,BRD-K29968218|10uM,BRD-K29968218|10uM,SQ00015109,SQ00015109,NA,F19,profile,NA,NA,NA,NA
BRD-K31092604,10uM,24h,A549,compound,NA,Serotonin receptor agonist,BRD-K31092604,BRD-K31092604|10uM|24h,BRD-K31092604|10uM|24h|A549,BRD-K31092604|compound|10uM|24h|A549,BRD-K31092604|10uM,BRD-K31092604|10uM,BRD-K31092604|10uM,SQ00015109,SQ00015109,NA,I13,profile,NA,NA,NA,NA
BRD-K31135544,10uM,24h,A549,compound,NA,NA,BRD-K31135544,BRD-K31135544|10uM|24h,BRD-K31135544|10uM|24h|A549,BRD-K31135544|compound|10uM|24h|A549,BRD-K31135544|10uM,BRD-K31135544|10uM,BRD-K31135544|10uM,SQ00015124,SQ00015124,NA,B07,profile,NA,NA,NA,NA
BRD-K31519811,10uM,24h,A549,compound,NA,NA,BRD-K31519811,BRD-K31519811|10uM|24h,BRD-K31519811|10uM|24h|A549,BRD-K31519811|compound|10uM|24h|A549,BRD-K31519811|10uM,BRD-K31519811|10uM,BRD-K31519811|10uM,SQ00015109,SQ00015109,NA,K19,profile,NA,NA,NA,NA
BRD-K32744045,10uM,24h,A549,compound,NA,Aldehyde dehydrogenase inhibitor|DNA methyltransferase inhibitor|TRPV agonist,BRD-K32744045,BRD-K32744045|10uM|24h,BRD-K32744045|10uM|24h|A549,BRD-K32744045|compound|10uM|24h|A549,BRD-K32744045|10uM,BRD-K32744045|10uM,BRD-K32744045|10uM,SQ00015124,SQ00015124,NA,E19,profile,NA,NA,NA,NA
BRD-K32977963,10uM,24h,A549,compound,NA,Androgen receptor antagonist,BRD-K32977963,BRD-K32977963|10uM|24h,BRD-K32977963|10uM|24h|A549,BRD-K32977963|compound|10uM|24h|A549,BRD-K32977963|10uM,BRD-K32977963|10uM,BRD-K32977963|10uM,SQ00015109,SQ00015109,NA,M01,profile,NA,NA,NA,NA
BRD-K33852358,10uM,24h,A549,compound,NA,Phosphodiesterase inhibitor,BRD-K33852358,BRD-K33852358|10uM|24h,BRD-K33852358|10uM|24h|A549,BRD-K33852358|compound|10uM|24h|A549,BRD-K33852358|10uM,BRD-K33852358|10uM,BRD-K33852358|10uM,SQ00015124,SQ00015124,NA,I07,profile,NA,NA,NA,NA
BRD-K33882852,10uM,24h,A549,compound,NA,Benzodiazepine receptor agonist,BRD-K33882852,BRD-K33882852|10uM|24h,BRD-K33882852|10uM|24h|A549,BRD-K33882852|compound|10uM|24h|A549,BRD-K33882852|10uM,BRD-K33882852|10uM,BRD-K33882852|10uM,SQ00015124,SQ00015124,NA,J07,profile,NA,NA,NA,NA
BRD-K35169477,10uM,24h,A549,compound,NA,Cannabinoid receptor inverse agonist,BRD-K35169477,BRD-K35169477|10uM|24h,BRD-K35169477|10uM|24h|A549,BRD-K35169477|compound|10uM|24h|A549,BRD-K35169477|10uM,BRD-K35169477|10uM,BRD-K35169477|10uM,SQ00015109,SQ00015109,NA,P19,profile,NA,NA,NA,NA
BRD-K35589454,10uM,24h,A549,compound,NA,Gap junction modulator,BRD-K35589454,BRD-K35589454|10uM|24h,BRD-K35589454|10uM|24h|A549,BRD-K35589454|compound|10uM|24h|A549,BRD-K35589454|10uM,BRD-K35589454|10uM,BRD-K35589454|10uM,SQ00015124,SQ00015124,NA,N07,profile,NA,NA,NA,NA
BRD-K36280065,10uM,24h,A549,compound,NA,JAK inhibitor,BRD-K36280065,BRD-K36280065|10uM|24h,BRD-K36280065|10uM|24h|A549,BRD-K36280065|compound|10uM|24h|A549,BRD-K36280065|10uM,BRD-K36280065|10uM,BRD-K36280065|10uM,SQ00015124,SQ00015124,NA,P01,profile,NA,NA,NA,NA
BRD-K37590257,10uM,24h,A549,compound,NA,Phosphodiesterase inhibitor,BRD-K37590257,BRD-K37590257|10uM|24h,BRD-K37590257|10uM|24h|A549,BRD-K37590257|compound|10uM|24h|A549,BRD-K37590257|10uM,BRD-K37590257|10uM,BRD-K37590257|10uM,SQ00015197,SQ00015197,NA,B19,profile,NA,NA,NA,NA
BRD-K37687095,10uM,24h,A549,compound,NA,MEK inhibitor,BRD-K37687095,BRD-K37687095|10uM|24h,BRD-K37687095|10uM|24h|A549,BRD-K37687095|compound|10uM|24h|A549,BRD-K37687095|10uM,BRD-K37687095|10uM,BRD-K37687095|10uM,SQ00015198,SQ00015198,NA,M01,profile,NA,NA,NA,NA
BRD-K37714784,10uM,24h,A549,compound,NA,NA,BRD-K37714784,BRD-K37714784|10uM|24h,BRD-K37714784|10uM|24h|A549,BRD-K37714784|compound|10uM|24h|A549,BRD-K37714784|10uM,BRD-K37714784|10uM,BRD-K37714784|10uM,SQ00015198,SQ00015198,NA,L07,profile,NA,NA,NA,NA
BRD-K37764012,10uM,24h,A549,compound,NA,NA,BRD-K37764012,BRD-K37764012|10uM|24h,BRD-K37764012|10uM|24h|A549,BRD-K37764012|compound|10uM|24h|A549,BRD-K37764012|10uM,BRD-K37764012|10uM,BRD-K37764012|10uM,SQ00015198,SQ00015198,NA,K13,profile,NA,NA,NA,NA
BRD-K38473998,10uM,24h,A549,compound,NA,Phosphodiesterase inhibitor,BRD-K38473998,BRD-K38473998|10uM|24h,BRD-K38473998|10uM|24h|A549,BRD-K38473998|compound|10uM|24h|A549,BRD-K38473998|10uM,BRD-K38473998|10uM,BRD-K38473998|10uM,SQ00015197,SQ00015197,NA,F01,profile,NA,NA,NA,NA
BRD-K39339537,10uM,24h,A549,compound,NA,Cyclooxygenase inhibitor,BRD-K39339537,BRD-K39339537|10uM|24h,BRD-K39339537|10uM|24h|A549,BRD-K39339537|compound|10uM|24h|A549,BRD-K39339537|10uM,BRD-K39339537|10uM,BRD-K39339537|10uM,SQ00015197,SQ00015197,NA,E19,profile,NA,NA,NA,NA
BRD-K41260949,10uM,24h,A549,compound,NA,HDAC inhibitor,BRD-K41260949,BRD-K41260949|10uM|24h,BRD-K41260949|10uM|24h|A549,BRD-K41260949|compound|10uM|24h|A549,BRD-K41260949|10uM,BRD-K41260949|10uM,BRD-K41260949|10uM,SQ00015197,SQ00015197,NA,I07,profile,NA,NA,NA,NA
BRD-K41410256,10uM,24h,A549,compound,NA,Cyclooxygenase inhibitor,BRD-K41410256,BRD-K41410256|10uM|24h,BRD-K41410256|10uM|24h|A549,BRD-K41410256|compound|10uM|24h|A549,BRD-K41410256|10uM,BRD-K41410256|10uM,BRD-K41410256|10uM,SQ00015197,SQ00015197,NA,J07,profile,NA,NA,NA,NA
BRD-K41996876,10uM,24h,A549,compound,NA,EGFR inhibitor,BRD-K41996876,BRD-K41996876|10uM|24h,BRD-K41996876|10uM|24h|A549,BRD-K41996876|compound|10uM|24h|A549,BRD-K41996876|10uM,BRD-K41996876|10uM,BRD-K41996876|10uM,SQ00015052,SQ00015052,NA,N13,profile,NA,NA,NA,NA
BRD-K42352790,10uM,24h,A549,compound,NA,Cannabinoid receptor agonist,BRD-K42352790,BRD-K42352790|10uM|24h,BRD-K42352790|10uM|24h|A549,BRD-K42352790|compound|10uM|24h|A549,BRD-K42352790|10uM,BRD-K42352790|10uM,BRD-K42352790|10uM,SQ00015197,SQ00015197,NA,K13,profile,NA,NA,NA,NA
BRD-K43002771,10uM,24h,A549,compound,NA,NA,BRD-K43002771,BRD-K43002771|10uM|24h,BRD-K43002771|10uM|24h|A549,BRD-K43002771|compound|10uM|24h|A549,BRD-K43002771|10uM,BRD-K43002771|10uM,BRD-K43002771|10uM,SQ00015197,SQ00015197,NA,M07,profile,NA,NA,NA,NA
BRD-K43410529,10uM,24h,A549,compound,NA,RAF inhibitor,BRD-K43410529,BRD-K43410529|10uM|24h,BRD-K43410529|10uM|24h|A549,BRD-K43410529|compound|10uM|24h|A549,BRD-K43410529|10uM,BRD-K43410529|10uM,BRD-K43410529|10uM,SQ00015197,SQ00015197,NA,N13,profile,NA,NA,NA,NA
BRD-K43578482,10uM,24h,A549,compound,NA,Focal adhesion kinase inhibitor,BRD-K43578482,BRD-K43578482|10uM|24h,BRD-K43578482|10uM|24h|A549,BRD-K43578482|compound|10uM|24h|A549,BRD-K43578482|10uM,BRD-K43578482|10uM,BRD-K43578482|10uM,SQ00015197,SQ00015197,NA,N19,profile,NA,NA,NA,NA
BRD-K45168550,10uM,24h,A549,compound,NA,NA,BRD-K45168550,BRD-K45168550|10uM|24h,BRD-K45168550|10uM|24h|A549,BRD-K45168550|compound|10uM|24h|A549,BRD-K45168550|10uM,BRD-K45168550|10uM,BRD-K45168550|10uM,SQ00015150,SQ00015150,NA,D01,profile,NA,NA,NA,NA
BRD-K45245728,10uM,24h,A549,compound,NA,Cholesterol inhibitor,BRD-K45245728,BRD-K45245728|10uM|24h,BRD-K45245728|10uM|24h|A549,BRD-K45245728|compound|10uM|24h|A549,BRD-K45245728|10uM,BRD-K45245728|10uM,BRD-K45245728|10uM,SQ00015150,SQ00015150,NA,C07,profile,NA,NA,NA,NA
BRD-K45503887,10uM,24h,A549,compound,NA,Angiotensin receptor agonist,BRD-K45503887,BRD-K45503887|10uM|24h,BRD-K45503887|10uM|24h|A549,BRD-K45503887|compound|10uM|24h|A549,BRD-K45503887|10uM,BRD-K45503887|10uM,BRD-K45503887|10uM,SQ00015150,SQ00015150,NA,D13,profile,NA,NA,NA,NA
BRD-K46839850,10uM,24h,A549,compound,NA,Calcium channel activator,BRD-K46839850,BRD-K46839850|10uM|24h,BRD-K46839850|10uM|24h|A549,BRD-K46839850|compound|10uM|24h|A549,BRD-K46839850|10uM,BRD-K46839850|10uM,BRD-K46839850|10uM,SQ00015096,SQ00015096,NA,L13,profile,NA,NA,NA,NA
BRD-K47554101,10uM,24h,A549,compound,NA,Bacterial 30S ribosomal subunit inhibitor,BRD-K47554101,BRD-K47554101|10uM|24h,BRD-K47554101|10uM|24h|A549,BRD-K47554101|compound|10uM|24h|A549,BRD-K47554101|10uM,BRD-K47554101|10uM,BRD-K47554101|10uM,SQ00015150,SQ00015150,NA,H07,profile,NA,NA,NA,NA
BRD-K47639036,10uM,24h,A549,compound,NA,Acetylcholine receptor antagonist,BRD-K47639036,BRD-K47639036|10uM|24h,BRD-K47639036|10uM|24h|A549,BRD-K47639036|compound|10uM|24h|A549,BRD-K47639036|10uM,BRD-K47639036|10uM,BRD-K47639036|10uM,SQ00015150,SQ00015150,NA,H13,profile,NA,NA,NA,NA
BRD-K47869605,10uM,24h,A549,compound,NA,Microtubule inhibitor|Tubulin inhibitor,BRD-K47869605,BRD-K47869605|10uM|24h,BRD-K47869605|10uM|24h|A549,BRD-K47869605|compound|10uM|24h|A549,BRD-K47869605|10uM,BRD-K47869605|10uM,BRD-K47869605|10uM,SQ00015096,SQ00015096,NA,N01,profile,NA,NA,NA,NA
BRD-K48195801,10uM,24h,A549,compound,NA,Histamine receptor antagonist,BRD-K48195801,BRD-K48195801|10uM|24h,BRD-K48195801|10uM|24h|A549,BRD-K48195801|compound|10uM|24h|A549,BRD-K48195801|10uM,BRD-K48195801|10uM,BRD-K48195801|10uM,SQ00015150,SQ00015150,NA,I01,profile,NA,NA,NA,NA
BRD-K48213016,10uM,24h,A549,compound,NA,NA,BRD-K48213016,BRD-K48213016|10uM|24h,BRD-K48213016|10uM|24h|A549,BRD-K48213016|compound|10uM|24h|A549,BRD-K48213016|10uM,BRD-K48213016|10uM,BRD-K48213016|10uM,SQ00015150,SQ00015150,NA,J01,profile,NA,NA,NA,NA
BRD-K49555808,10uM,24h,A549,compound,NA,NA,BRD-K49555808,BRD-K49555808|10uM|24h,BRD-K49555808|10uM|24h|A549,BRD-K49555808|compound|10uM|24h|A549,BRD-K49555808|10uM,BRD-K49555808|10uM,BRD-K49555808|10uM,SQ00015096,SQ00015096,NA,O19,profile,NA,NA,NA,NA
BRD-K49807096,10uM,24h,A549,compound,NA,Angiotensin converting enzyme inhibitor,BRD-K49807096,BRD-K49807096|10uM|24h,BRD-K49807096|10uM|24h|A549,BRD-K49807096|compound|10uM|24h|A549,BRD-K49807096|10uM,BRD-K49807096|10uM,BRD-K49807096|10uM,SQ00015150,SQ00015150,NA,M13,profile,NA,NA,NA,NA
BRD-K50133271,10uM,24h,A549,compound,NA,Cyclooxygenase inhibitor|Prostanoid receptor antagonist|Leukotriene synthesis inhibitor|Prostanoid receptor inhibitor,BRD-K50133271,BRD-K50133271|10uM|24h,BRD-K50133271|10uM|24h|A549,BRD-K50133271|compound|10uM|24h|A549,BRD-K50133271|10uM,BRD-K50133271|10uM,BRD-K50133271|10uM,SQ00015096,SQ00015096,NA,M07,profile,NA,NA,NA,NA
BRD-K50590187,10uM,24h,A549,compound,NA,TRPV agonist,BRD-K50590187,BRD-K50590187|10uM|24h,BRD-K50590187|10uM|24h|A549,BRD-K50590187|compound|10uM|24h|A549,BRD-K50590187|10uM,BRD-K50590187|10uM,BRD-K50590187|10uM,SQ00015150,SQ00015150,NA,P13,profile,NA,NA,NA,NA
BRD-K51087630,10uM,24h,A549,compound,NA,Troponin activator,BRD-K51087630,BRD-K51087630|10uM|24h,BRD-K51087630|10uM|24h|A549,BRD-K51087630|compound|10uM|24h|A549,BRD-K51087630|10uM,BRD-K51087630|10uM,BRD-K51087630|10uM,SQ00015138,SQ00015138,NA,B07,profile,NA,NA,NA,NA
BRD-K51143828,10uM,24h,A549,compound,NA,Dopamine receptor antagonist|Serotonin receptor antagonist,BRD-K51143828,BRD-K51143828|10uM|24h,BRD-K51143828|10uM|24h|A549,BRD-K51143828|compound|10uM|24h|A549,BRD-K51143828|10uM,BRD-K51143828|10uM,BRD-K51143828|10uM,SQ00015138,SQ00015138,NA,A13,profile,NA,NA,NA,NA
BRD-K52233191,10uM,24h,A549,compound,NA,CDK inhibitor,BRD-K52233191,BRD-K52233191|10uM|24h,BRD-K52233191|10uM|24h|A549,BRD-K52233191|compound|10uM|24h|A549,BRD-K52233191|10uM,BRD-K52233191|10uM,BRD-K52233191|10uM,SQ00015138,SQ00015138,NA,E01,profile,NA,NA,NA,NA
BRD-K53097745,10uM,24h,A549,compound,NA,Cyclooxygenase inhibitor|PPAR receptor agonist,BRD-K53097745,BRD-K53097745|10uM|24h,BRD-K53097745|10uM|24h|A549,BRD-K53097745|compound|10uM|24h|A549,BRD-K53097745|10uM,BRD-K53097745|10uM,BRD-K53097745|10uM,SQ00015128,SQ00015128,NA,B07,profile,NA,NA,NA,NA
BRD-K53517854,10uM,24h,A549,compound,NA,Selective serotonin reuptake inhibitor (SSRI),BRD-K53517854,BRD-K53517854|10uM|24h,BRD-K53517854|10uM|24h|A549,BRD-K53517854|compound|10uM|24h|A549,BRD-K53517854|10uM,BRD-K53517854|10uM,BRD-K53517854|10uM,SQ00015138,SQ00015138,NA,H13,profile,NA,NA,NA,NA
BRD-K53814070,10uM,24h,A549,compound,NA,Rho associated kinase inhibitor,BRD-K53814070,BRD-K53814070|10uM|24h,BRD-K53814070|10uM|24h|A549,BRD-K53814070|compound|10uM|24h|A549,BRD-K53814070|10uM,BRD-K53814070|10uM,BRD-K53814070|10uM,SQ00015138,SQ00015138,NA,I01,profile,NA,NA,NA,NA
BRD-K54770957,10uM,24h,A549,compound,NA,Cyclooxygenase inhibitor,BRD-K54770957,BRD-K54770957|10uM|24h,BRD-K54770957|10uM|24h|A549,BRD-K54770957|compound|10uM|24h|A549,BRD-K54770957|10uM,BRD-K54770957|10uM,BRD-K54770957|10uM,SQ00015138,SQ00015138,NA,K01,profile,NA,NA,NA,NA
BRD-K55512740,10uM,24h,A549,compound,NA,NA,BRD-K55512740,BRD-K55512740|10uM|24h,BRD-K55512740|10uM|24h|A549,BRD-K55512740|compound|10uM|24h|A549,BRD-K55512740|10uM,BRD-K55512740|10uM,BRD-K55512740|10uM,SQ00015198,SQ00015198,NA,J07,profile,NA,NA,NA,NA
BRD-K56751279,10uM,24h,A549,compound,NA,Rho associated kinase inhibitor,BRD-K56751279,BRD-K56751279|10uM|24h,BRD-K56751279|10uM|24h|A549,BRD-K56751279|compound|10uM|24h|A549,BRD-K56751279|10uM,BRD-K56751279|10uM,BRD-K56751279|10uM,SQ00015198,SQ00015198,NA,C07,profile,NA,NA,NA,NA
BRD-K56810756,10uM,24h,A549,compound,NA,Alcohol dehydrogenase inhibitor,BRD-K56810756,BRD-K56810756|10uM|24h,BRD-K56810756|10uM|24h|A549,BRD-K56810756|compound|10uM|24h|A549,BRD-K56810756|10uM,BRD-K56810756|10uM,BRD-K56810756|10uM,SQ00015134,SQ00015134,NA,F01,profile,NA,NA,NA,NA
BRD-K57545991,10uM,24h,A549,compound,NA,Angiotensin converting enzyme inhibitor,BRD-K57545991,BRD-K57545991|10uM|24h,BRD-K57545991|10uM|24h|A549,BRD-K57545991|compound|10uM|24h|A549,BRD-K57545991|10uM,BRD-K57545991|10uM,BRD-K57545991|10uM,SQ00015134,SQ00015134,NA,H01,profile,NA,NA,NA,NA
BRD-K58626373,10uM,24h,A549,compound,NA,Serotonin receptor agonist,BRD-K58626373,BRD-K58626373|10uM|24h,BRD-K58626373|10uM|24h|A549,BRD-K58626373|compound|10uM|24h|A549,BRD-K58626373|10uM,BRD-K58626373|10uM,BRD-K58626373|10uM,SQ00015134,SQ00015134,NA,I07,profile,NA,NA,NA,NA
BRD-K58736316,10uM,24h,A549,compound,NA,Fatty acid synthase inhibitor,BRD-K58736316,BRD-K58736316|10uM|24h,BRD-K58736316|10uM|24h|A549,BRD-K58736316|compound|10uM|24h|A549,BRD-K58736316|10uM,BRD-K58736316|10uM,BRD-K58736316|10uM,SQ00015134,SQ00015134,NA,J07,profile,NA,NA,NA,NA
BRD-K58951486,10uM,24h,A549,compound,NA,Acetylcholine receptor antagonist,BRD-K58951486,BRD-K58951486|10uM|24h,BRD-K58951486|10uM|24h|A549,BRD-K58951486|compound|10uM|24h|A549,BRD-K58951486|10uM,BRD-K58951486|10uM,BRD-K58951486|10uM,SQ00015134,SQ00015134,NA,I13,profile,NA,NA,NA,NA
BRD-K59197931,10uM,24h,A549,compound,NA,Cyclooxygenase inhibitor,BRD-K59197931,BRD-K59197931|10uM|24h,BRD-K59197931|10uM|24h|A549,BRD-K59197931|compound|10uM|24h|A549,BRD-K59197931|10uM,BRD-K59197931|10uM,BRD-K59197931|10uM,SQ00015198,SQ00015198,NA,F19,profile,NA,NA,NA,NA
BRD-K59273480,10uM,24h,A549,compound,NA,Adenosine reuptake inhibitor|Phosphodiesterase inhibitor,BRD-K59273480,BRD-K59273480|10uM|24h,BRD-K59273480|10uM|24h|A549,BRD-K59273480|compound|10uM|24h|A549,BRD-K59273480|10uM,BRD-K59273480|10uM,BRD-K59273480|10uM,SQ00015134,SQ00015134,NA,K01,profile,NA,NA,NA,NA
BRD-K59331299,10uM,24h,A549,compound,NA,Glucosidase inhibitor,BRD-K59331299,BRD-K59331299|10uM|24h,BRD-K59331299|10uM|24h|A549,BRD-K59331299|compound|10uM|24h|A549,BRD-K59331299|10uM,BRD-K59331299|10uM,BRD-K59331299|10uM,SQ00015134,SQ00015134,NA,L07,profile,NA,NA,NA,NA
BRD-K59875992,10uM,24h,A549,compound,NA,NA,BRD-K59875992,BRD-K59875992|10uM|24h,BRD-K59875992|10uM|24h|A549,BRD-K59875992|compound|10uM|24h|A549,BRD-K59875992|10uM,BRD-K59875992|10uM,BRD-K59875992|10uM,SQ00015134,SQ00015134,NA,M07,profile,NA,NA,NA,NA
BRD-K59929863,10uM,24h,A549,compound,NA,NA,BRD-K59929863,BRD-K59929863|10uM|24h,BRD-K59929863|10uM|24h|A549,BRD-K59929863|compound|10uM|24h|A549,BRD-K59929863|10uM,BRD-K59929863|10uM,BRD-K59929863|10uM,SQ00015134,SQ00015134,NA,N07,profile,NA,NA,NA,NA
BRD-K61250553,10uM,24h,A549,compound,NA,Opioid receptor agonist,BRD-K61250553,BRD-K61250553|10uM|24h,BRD-K61250553|10uM|24h|A549,BRD-K61250553|compound|10uM|24h|A549,BRD-K61250553|10uM,BRD-K61250553|10uM,BRD-K61250553|10uM,SQ00015134,SQ00015134,NA,O13,profile,NA,NA,NA,NA
BRD-K61988078,10uM,24h,A549,compound,NA,Chloride channel antagonist,BRD-K61988078,BRD-K61988078|10uM|24h,BRD-K61988078|10uM|24h|A549,BRD-K61988078|compound|10uM|24h|A549,BRD-K61988078|10uM,BRD-K61988078|10uM,BRD-K61988078|10uM,SQ00015142,SQ00015142,NA,N13,profile,NA,NA,NA,NA
BRD-K62200014,10uM,24h,A549,compound,NA,Phosphodiesterase inhibitor,BRD-K62200014,BRD-K62200014|10uM|24h,BRD-K62200014|10uM|24h|A549,BRD-K62200014|compound|10uM|24h|A549,BRD-K62200014|10uM,BRD-K62200014|10uM,BRD-K62200014|10uM,SQ00015146,SQ00015146,NA,B13,profile,NA,NA,NA,NA
BRD-K62762455,10uM,24h,A549,compound,NA,NA,BRD-K62762455,BRD-K62762455|10uM|24h,BRD-K62762455|10uM|24h|A549,BRD-K62762455|compound|10uM|24h|A549,BRD-K62762455|10uM,BRD-K62762455|10uM,BRD-K62762455|10uM,SQ00015146,SQ00015146,NA,D19,profile,NA,NA,NA,NA
BRD-K63430059,10uM,24h,A549,compound,NA,DNA synthesis inhibitor,BRD-K63430059,BRD-K63430059|10uM|24h,BRD-K63430059|10uM|24h|A549,BRD-K63430059|compound|10uM|24h|A549,BRD-K63430059|10uM,BRD-K63430059|10uM,BRD-K63430059|10uM,SQ00015146,SQ00015146,NA,E19,profile,NA,NA,NA,NA
BRD-K63550407,10uM,24h,A549,compound,NA,NFkB pathway inhibitor,BRD-K63550407,BRD-K63550407|10uM|24h,BRD-K63550407|10uM|24h|A549,BRD-K63550407|compound|10uM|24h|A549,BRD-K63550407|10uM,BRD-K63550407|10uM,BRD-K63550407|10uM,SQ00015142,SQ00015142,NA,G07,profile,NA,NA,NA,NA
BRD-K64504314,10uM,24h,A549,compound,NA,Progesterone receptor agonist,BRD-K64504314,BRD-K64504314|10uM|24h,BRD-K64504314|10uM|24h|A549,BRD-K64504314|compound|10uM|24h|A549,BRD-K64504314|10uM,BRD-K64504314|10uM,BRD-K64504314|10uM,SQ00015142,SQ00015142,NA,J01,profile,NA,NA,NA,NA
BRD-K64538373,10uM,24h,A549,compound,NA,NA,BRD-K64538373,BRD-K64538373|10uM|24h,BRD-K64538373|10uM|24h|A549,BRD-K64538373|compound|10uM|24h|A549,BRD-K64538373|10uM,BRD-K64538373|10uM,BRD-K64538373|10uM,SQ00015142,SQ00015142,NA,I07,profile,NA,NA,NA,NA
BRD-K64622987,10uM,24h,A549,compound,NA,Cholesteryl ester transfer protein inhibitor,BRD-K64622987,BRD-K64622987|10uM|24h,BRD-K64622987|10uM|24h|A549,BRD-K64622987|compound|10uM|24h|A549,BRD-K64622987|10uM,BRD-K64622987|10uM,BRD-K64622987|10uM,SQ00015146,SQ00015146,NA,I01,profile,NA,NA,NA,NA
BRD-K64785675,10uM,24h,A549,compound,NA,NA,BRD-K64785675,BRD-K64785675|10uM|24h,BRD-K64785675|10uM|24h|A549,BRD-K64785675|compound|10uM|24h|A549,BRD-K64785675|10uM,BRD-K64785675|10uM,BRD-K64785675|10uM,SQ00015146,SQ00015146,NA,I07,profile,NA,NA,NA,NA
BRD-K65170927,10uM,24h,A549,compound,NA,Tachykinin antagonist,BRD-K65170927,BRD-K65170927|10uM|24h,BRD-K65170927|10uM|24h|A549,BRD-K65170927|compound|10uM|24h|A549,BRD-K65170927|10uM,BRD-K65170927|10uM,BRD-K65170927|10uM,SQ00015146,SQ00015146,NA,K01,profile,NA,NA,NA,NA
BRD-K65678996,10uM,24h,A549,compound,NA,Acetylcholine receptor agonist|GABA receptor agonist,BRD-K65678996,BRD-K65678996|10uM|24h,BRD-K65678996|10uM|24h|A549,BRD-K65678996|compound|10uM|24h|A549,BRD-K65678996|10uM,BRD-K65678996|10uM,BRD-K65678996|10uM,SQ00015146,SQ00015146,NA,K13,profile,NA,NA,NA,NA
BRD-K65992024,10uM,24h,A549,compound,NA,AGE inhibitor,BRD-K65992024,BRD-K65992024|10uM|24h,BRD-K65992024|10uM|24h|A549,BRD-K65992024|compound|10uM|24h|A549,BRD-K65992024|10uM,BRD-K65992024|10uM,BRD-K65992024|10uM,SQ00015142,SQ00015142,NA,L01,profile,NA,NA,NA,NA
BRD-K66538826,10uM,24h,A549,compound,NA,FLT3 inhibitor|KIT inhibitor|PDGFR tyrosine kinase receptor inhibitor|RAD51 inhibitor|RET tyrosine kinase inhibitor,BRD-K66538826,BRD-K66538826|10uM|24h,BRD-K66538826|10uM|24h|A549,BRD-K66538826|compound|10uM|24h|A549,BRD-K66538826|10uM,BRD-K66538826|10uM,BRD-K66538826|10uM,SQ00015146,SQ00015146,NA,M13,profile,NA,NA,NA,NA
BRD-K68065987,10uM,24h,A549,compound,NA,AKT inhibitor,BRD-K68065987,BRD-K68065987|10uM|24h,BRD-K68065987|10uM|24h|A549,BRD-K68065987|compound|10uM|24h|A549,BRD-K68065987|10uM,BRD-K68065987|10uM,BRD-K68065987|10uM,SQ00014816,SQ00014816,NA,A19,profile,NA,NA,NA,NA
BRD-K68346641,10uM,24h,A549,compound,NA,Topoisomerase inhibitor,BRD-K68346641,BRD-K68346641|10uM|24h,BRD-K68346641|10uM|24h|A549,BRD-K68346641|compound|10uM|24h|A549,BRD-K68346641|10uM,BRD-K68346641|10uM,BRD-K68346641|10uM,SQ00014816,SQ00014816,NA,D07,profile,NA,NA,NA,NA
BRD-K68488863,10uM,24h,A549,compound,NA,Aurora kinase inhibitor|FLT3 inhibitor|VEGFR inhibitor,BRD-K68488863,BRD-K68488863|10uM|24h,BRD-K68488863|10uM|24h|A549,BRD-K68488863|compound|10uM|24h|A549,BRD-K68488863|10uM,BRD-K68488863|10uM,BRD-K68488863|10uM,SQ00014812,SQ00014812,NA,L19,profile,NA,NA,NA,NA
BRD-K68693535,10uM,24h,A549,compound,NA,Adrenergic receptor agonist,BRD-K68693535,BRD-K68693535|10uM|24h,BRD-K68693535|10uM|24h|A549,BRD-K68693535|compound|10uM|24h|A549,BRD-K68693535|10uM,BRD-K68693535|10uM,BRD-K68693535|10uM,SQ00014812,SQ00014812,NA,D19,profile,NA,NA,NA,NA
BRD-K69726342,10uM,24h,A549,compound,NA,HMGCR inhibitor,BRD-K69726342,BRD-K69726342|10uM|24h,BRD-K69726342|10uM|24h|A549,BRD-K69726342|compound|10uM|24h|A549,BRD-K69726342|10uM,BRD-K69726342|10uM,BRD-K69726342|10uM,SQ00014816,SQ00014816,NA,H01,profile,NA,NA,NA,NA
BRD-K69776681,10uM,24h,A549,compound,NA,PLK inhibitor,BRD-K69776681,BRD-K69776681|10uM|24h,BRD-K69776681|10uM|24h|A549,BRD-K69776681|compound|10uM|24h|A549,BRD-K69776681|10uM,BRD-K69776681|10uM,BRD-K69776681|10uM,SQ00014816,SQ00014816,NA,H07,profile,NA,NA,NA,NA
BRD-K70301876,10uM,24h,A549,compound,NA,Selective serotonin reuptake inhibitor (SSRI),BRD-K70301876,BRD-K70301876|10uM|24h,BRD-K70301876|10uM|24h|A549,BRD-K70301876|compound|10uM|24h|A549,BRD-K70301876|10uM,BRD-K70301876|10uM,BRD-K70301876|10uM,SQ00014816,SQ00014816,NA,H19,profile,NA,NA,NA,NA
BRD-K70358946,10uM,24h,A549,compound,NA,Serotonin receptor agonist|Serotonin receptor antagonist,BRD-K70358946,BRD-K70358946|10uM|24h,BRD-K70358946|10uM|24h|A549,BRD-K70358946|compound|10uM|24h|A549,BRD-K70358946|10uM,BRD-K70358946|10uM,BRD-K70358946|10uM,SQ00014812,SQ00014812,NA,F19,profile,NA,NA,NA,NA
BRD-K70401845,10uM,24h,A549,compound,NA,EGFR inhibitor,BRD-K70401845,BRD-K70401845|10uM|24h,BRD-K70401845|10uM|24h|A549,BRD-K70401845|compound|10uM|24h|A549,BRD-K70401845|10uM,BRD-K70401845|10uM,BRD-K70401845|10uM,SQ00014812,SQ00014812,NA,G01,profile,NA,NA,NA,NA
BRD-K70505054,10uM,24h,A549,compound,NA,Histamine receptor antagonist,BRD-K70505054,BRD-K70505054|10uM|24h,BRD-K70505054|10uM|24h|A549,BRD-K70505054|compound|10uM|24h|A549,BRD-K70505054|10uM,BRD-K70505054|10uM,BRD-K70505054|10uM,SQ00014816,SQ00014816,NA,I07,profile,NA,NA,NA,NA
BRD-K70507123,10uM,24h,A549,compound,NA,Adenosine receptor antagonist,BRD-K70507123,BRD-K70507123|10uM|24h,BRD-K70507123|10uM|24h|A549,BRD-K70507123|compound|10uM|24h|A549,BRD-K70507123|10uM,BRD-K70507123|10uM,BRD-K70507123|10uM,SQ00014816,SQ00014816,NA,J07,profile,NA,NA,NA,NA
BRD-K70592483,10uM,24h,A549,compound,NA,DNA methylase inhibitor|Protein synthesis inhibitor,BRD-K70592483,BRD-K70592483|10uM|24h,BRD-K70592483|10uM|24h|A549,BRD-K70592483|compound|10uM|24h|A549,BRD-K70592483|10uM,BRD-K70592483|10uM,BRD-K70592483|10uM,SQ00014816,SQ00014816,NA,I19,profile,NA,NA,NA,NA
BRD-K71289571,10uM,24h,A549,compound,NA,Leukotriene receptor antagonist,BRD-K71289571,BRD-K71289571|10uM|24h,BRD-K71289571|10uM|24h|A549,BRD-K71289571|compound|10uM|24h|A549,BRD-K71289571|10uM,BRD-K71289571|10uM,BRD-K71289571|10uM,SQ00014812,SQ00014812,NA,J01,profile,NA,NA,NA,NA
BRD-K71822263,10uM,24h,A549,compound,NA,NA,BRD-K71822263,BRD-K71822263|10uM|24h,BRD-K71822263|10uM|24h|A549,BRD-K71822263|compound|10uM|24h|A549,BRD-K71822263|10uM,BRD-K71822263|10uM,BRD-K71822263|10uM,SQ00014816,SQ00014816,NA,M07,profile,NA,NA,NA,NA
BRD-K72414522,10uM,24h,A549,compound,NA,CDK inhibitor,BRD-K72414522,BRD-K72414522|10uM|24h,BRD-K72414522|10uM|24h|A549,BRD-K72414522|compound|10uM|24h|A549,BRD-K72414522|10uM,BRD-K72414522|10uM,BRD-K72414522|10uM,SQ00014812,SQ00014812,NA,M13,profile,NA,NA,NA,NA
BRD-K73088654,10uM,24h,A549,compound,NA,DNA synthesis inhibitor,BRD-K73088654,BRD-K73088654|10uM|24h,BRD-K73088654|10uM|24h|A549,BRD-K73088654|compound|10uM|24h|A549,BRD-K73088654|10uM,BRD-K73088654|10uM,BRD-K73088654|10uM,SQ00014816,SQ00014816,NA,P13,profile,NA,NA,NA,NA
BRD-K73524797,10uM,24h,A549,compound,NA,NA,BRD-K73524797,BRD-K73524797|10uM|24h,BRD-K73524797|10uM|24h|A549,BRD-K73524797|compound|10uM|24h|A549,BRD-K73524797|10uM,BRD-K73524797|10uM,BRD-K73524797|10uM,SQ00014820,SQ00014820,NA,A07,profile,NA,NA,NA,NA
BRD-K74065929,10uM,24h,A549,compound,NA,P38 MAPK inhibitor,BRD-K74065929,BRD-K74065929|10uM|24h,BRD-K74065929|10uM|24h|A549,BRD-K74065929|compound|10uM|24h|A549,BRD-K74065929|10uM,BRD-K74065929|10uM,BRD-K74065929|10uM,SQ00014820,SQ00014820,NA,C01,profile,NA,NA,NA,NA
BRD-K74305673,10uM,24h,A549,compound,NA,IKK inhibitor|NFkB pathway inhibitor,BRD-K74305673,BRD-K74305673|10uM|24h,BRD-K74305673|10uM|24h|A549,BRD-K74305673|compound|10uM|24h|A549,BRD-K74305673|10uM,BRD-K74305673|10uM,BRD-K74305673|10uM,SQ00014820,SQ00014820,NA,C13,profile,NA,NA,NA,NA
BRD-K75649340,10uM,24h,A549,compound,NA,Purine antagonist,BRD-K75649340,BRD-K75649340|10uM|24h,BRD-K75649340|10uM|24h|A549,BRD-K75649340|compound|10uM|24h|A549,BRD-K75649340|10uM,BRD-K75649340|10uM,BRD-K75649340|10uM,SQ00015044,SQ00015044,NA,J19,profile,NA,NA,NA,NA
BRD-K77641333,10uM,24h,A549,compound,NA,Adrenergic receptor agonist,BRD-K77641333,BRD-K77641333|10uM|24h,BRD-K77641333|10uM|24h|A549,BRD-K77641333|compound|10uM|24h|A549,BRD-K77641333|10uM,BRD-K77641333|10uM,BRD-K77641333|10uM,SQ00015044,SQ00015044,NA,L19,profile,NA,NA,NA,NA
BRD-K77947974,10uM,24h,A549,compound,NA,Dopamine receptor antagonist,BRD-K77947974,BRD-K77947974|10uM|24h,BRD-K77947974|10uM|24h|A549,BRD-K77947974|compound|10uM|24h|A549,BRD-K77947974|10uM,BRD-K77947974|10uM,BRD-K77947974|10uM,SQ00014820,SQ00014820,NA,L07,profile,NA,NA,NA,NA
BRD-K78096648,10uM,24h,A549,compound,NA,Dopamine receptor antagonist,BRD-K78096648,BRD-K78096648|10uM|24h,BRD-K78096648|10uM|24h|A549,BRD-K78096648|compound|10uM|24h|A549,BRD-K78096648|10uM,BRD-K78096648|10uM,BRD-K78096648|10uM,SQ00014820,SQ00014820,NA,K19,profile,NA,NA,NA,NA
BRD-K78431006,10uM,24h,A549,compound,NA,ALK tyrosine kinase receptor inhibitor,BRD-K78431006,BRD-K78431006|10uM|24h,BRD-K78431006|10uM|24h|A549,BRD-K78431006|compound|10uM|24h|A549,BRD-K78431006|10uM,BRD-K78431006|10uM,BRD-K78431006|10uM,SQ00014820,SQ00014820,NA,N01,profile,NA,NA,NA,NA
BRD-K79095980,10uM,24h,A549,compound,NA,Antimetabolite,BRD-K79095980,BRD-K79095980|10uM|24h,BRD-K79095980|10uM|24h|A549,BRD-K79095980|compound|10uM|24h|A549,BRD-K79095980|10uM,BRD-K79095980|10uM,BRD-K79095980|10uM,SQ00015044,SQ00015044,NA,M19,profile,NA,NA,NA,NA
BRD-K79254416,10uM,24h,A549,compound,NA,DNA methyltransferase inhibitor,BRD-K79254416,BRD-K79254416|10uM|24h,BRD-K79254416|10uM|24h|A549,BRD-K79254416|compound|10uM|24h|A549,BRD-K79254416|10uM,BRD-K79254416|10uM,BRD-K79254416|10uM,SQ00014812,SQ00014812,NA,B19,profile,NA,NA,NA,NA
BRD-K79602928,10uM,24h,A549,compound,NA,Insulin sensitizer,BRD-K79602928,BRD-K79602928|10uM|24h,BRD-K79602928|10uM|24h|A549,BRD-K79602928|compound|10uM|24h|A549,BRD-K79602928|10uM,BRD-K79602928|10uM,BRD-K79602928|10uM,SQ00014820,SQ00014820,NA,P13,profile,NA,NA,NA,NA
BRD-K79759585,10uM,24h,A549,compound,NA,Phosphodiesterase inhibitor,BRD-K79759585,BRD-K79759585|10uM|24h,BRD-K79759585|10uM|24h|A549,BRD-K79759585|compound|10uM|24h|A549,BRD-K79759585|10uM,BRD-K79759585|10uM,BRD-K79759585|10uM,SQ00014820,SQ00014820,NA,O19,profile,NA,NA,NA,NA
BRD-K79989959,10uM,24h,A549,compound,NA,RNA polymerase inhibitor,BRD-K79989959,BRD-K79989959|10uM|24h,BRD-K79989959|10uM|24h|A549,BRD-K79989959|compound|10uM|24h|A549,BRD-K79989959|10uM,BRD-K79989959|10uM,BRD-K79989959|10uM,SQ00015044,SQ00015044,NA,P07,profile,NA,NA,NA,NA
BRD-K80082640,10uM,24h,A549,compound,NA,Coagulation factor inhibitor,BRD-K80082640,BRD-K80082640|10uM|24h,BRD-K80082640|10uM|24h|A549,BRD-K80082640|compound|10uM|24h|A549,BRD-K80082640|10uM,BRD-K80082640|10uM,BRD-K80082640|10uM,SQ00015096,SQ00015096,NA,G07,profile,NA,NA,NA,NA
BRD-K80738081,10uM,24h,A549,compound,NA,Cytochrome P450 inhibitor|SIRT activator,BRD-K80738081,BRD-K80738081|10uM|24h,BRD-K80738081|10uM|24h|A549,BRD-K80738081|compound|10uM|24h|A549,BRD-K80738081|10uM,BRD-K80738081|10uM,BRD-K80738081|10uM,SQ00015129,SQ00015129,NA,N19,profile,NA,NA,NA,NA
BRD-K81258678,10uM,24h,A549,compound,NA,RNA polymerase inhibitor,BRD-K81258678,BRD-K81258678|10uM|24h,BRD-K81258678|10uM|24h|A549,BRD-K81258678|compound|10uM|24h|A549,BRD-K81258678|10uM,BRD-K81258678|10uM,BRD-K81258678|10uM,SQ00014812,SQ00014812,NA,P01,profile,NA,NA,NA,NA
BRD-K81272440,10uM,24h,A549,compound,NA,Calcium channel blocker,BRD-K81272440,BRD-K81272440|10uM|24h,BRD-K81272440|10uM|24h|A549,BRD-K81272440|compound|10uM|24h|A549,BRD-K81272440|10uM,BRD-K81272440|10uM,BRD-K81272440|10uM,SQ00015100,SQ00015100,NA,C01,profile,NA,NA,NA,NA
BRD-K81694556,10uM,24h,A549,compound,NA,NA,BRD-K81694556,BRD-K81694556|10uM|24h,BRD-K81694556|10uM|24h|A549,BRD-K81694556|compound|10uM|24h|A549,BRD-K81694556|10uM,BRD-K81694556|10uM,BRD-K81694556|10uM,SQ00015100,SQ00015100,NA,D13,profile,NA,NA,NA,NA
BRD-K82467063,10uM,24h,A549,compound,NA,NA,BRD-K82467063,BRD-K82467063|10uM|24h,BRD-K82467063|10uM|24h|A549,BRD-K82467063|compound|10uM|24h|A549,BRD-K82467063|10uM,BRD-K82467063|10uM,BRD-K82467063|10uM,SQ00015100,SQ00015100,NA,F19,profile,NA,NA,NA,NA
BRD-K82767007,10uM,24h,A549,compound,NA,Thromboxane synthase inhibitor,BRD-K82767007,BRD-K82767007|10uM|24h,BRD-K82767007|10uM|24h|A549,BRD-K82767007|compound|10uM|24h|A549,BRD-K82767007|10uM,BRD-K82767007|10uM,BRD-K82767007|10uM,SQ00015100,SQ00015100,NA,G01,profile,NA,NA,NA,NA
BRD-K83057217,10uM,24h,A549,compound,NA,Thymidylate synthase inhibitor,BRD-K83057217,BRD-K83057217|10uM|24h,BRD-K83057217|10uM|24h|A549,BRD-K83057217|compound|10uM|24h|A549,BRD-K83057217|10uM,BRD-K83057217|10uM,BRD-K83057217|10uM,SQ00015100,SQ00015100,NA,H19,profile,NA,NA,NA,NA
BRD-K84011460,10uM,24h,A549,compound,NA,Ion channel antagonist,BRD-K84011460,BRD-K84011460|10uM|24h,BRD-K84011460|10uM|24h|A549,BRD-K84011460|compound|10uM|24h|A549,BRD-K84011460|10uM,BRD-K84011460|10uM,BRD-K84011460|10uM,SQ00015096,SQ00015096,NA,I01,profile,NA,NA,NA,NA
BRD-K84163249,10uM,24h,A549,compound,NA,Vitamin D receptor agonist,BRD-K84163249,BRD-K84163249|10uM|24h,BRD-K84163249|10uM|24h|A549,BRD-K84163249|compound|10uM|24h|A549,BRD-K84163249|10uM,BRD-K84163249|10uM,BRD-K84163249|10uM,SQ00015100,SQ00015100,NA,J19,profile,NA,NA,NA,NA
BRD-K84783599,10uM,24h,A549,compound,NA,Guanylate cyclase stimulant,BRD-K84783599,BRD-K84783599|10uM|24h,BRD-K84783599|10uM|24h|A549,BRD-K84783599|compound|10uM|24h|A549,BRD-K84783599|10uM,BRD-K84783599|10uM,BRD-K84783599|10uM,SQ00015100,SQ00015100,NA,L07,profile,NA,NA,NA,NA
BRD-K84892605,10uM,24h,A549,compound,NA,CFTR channel antagonist,BRD-K84892605,BRD-K84892605|10uM|24h,BRD-K84892605|10uM|24h|A549,BRD-K84892605|compound|10uM|24h|A549,BRD-K84892605|10uM,BRD-K84892605|10uM,BRD-K84892605|10uM,SQ00015100,SQ00015100,NA,L19,profile,NA,NA,NA,NA
BRD-K84986517,10uM,24h,A549,compound,NA,HIV protease inhibitor,BRD-K84986517,BRD-K84986517|10uM|24h,BRD-K84986517|10uM|24h|A549,BRD-K84986517|compound|10uM|24h|A549,BRD-K84986517|10uM,BRD-K84986517|10uM,BRD-K84986517|10uM,SQ00015096,SQ00015096,NA,D13,profile,NA,NA,NA,NA
BRD-K84996356,10uM,24h,A549,compound,NA,Drugs Acting on Androgen Receptor,BRD-K84996356,BRD-K84996356|10uM|24h,BRD-K84996356|10uM|24h|A549,BRD-K84996356|compound|10uM|24h|A549,BRD-K84996356|10uM,BRD-K84996356|10uM,BRD-K84996356|10uM,SQ00015096,SQ00015096,NA,D19,profile,NA,NA,NA,NA
BRD-K85833139,10uM,24h,A549,compound,NA,Protein synthesis stimulant,BRD-K85833139,BRD-K85833139|10uM|24h,BRD-K85833139|10uM|24h|A549,BRD-K85833139|compound|10uM|24h|A549,BRD-K85833139|10uM,BRD-K85833139|10uM,BRD-K85833139|10uM,SQ00015096,SQ00015096,NA,E07,profile,NA,NA,NA,NA
BRD-K85925969,10uM,24h,A549,compound,NA,Nucleoside reverse transcriptase inhibitor,BRD-K85925969,BRD-K85925969|10uM|24h,BRD-K85925969|10uM|24h|A549,BRD-K85925969|compound|10uM|24h|A549,BRD-K85925969|10uM,BRD-K85925969|10uM,BRD-K85925969|10uM,SQ00015096,SQ00015096,NA,E13,profile,NA,NA,NA,NA
BRD-K87156652,10uM,24h,A549,compound,NA,Antithyroid agent,BRD-K87156652,BRD-K87156652|10uM|24h,BRD-K87156652|10uM|24h|A549,BRD-K87156652|compound|10uM|24h|A549,BRD-K87156652|10uM,BRD-K87156652|10uM,BRD-K87156652|10uM,SQ00015048,SQ00015048,NA,E01,profile,NA,NA,NA,NA
BRD-K87737963,10uM,24h,A549,compound,NA,NA,BRD-K87737963,BRD-K87737963|10uM|24h,BRD-K87737963|10uM|24h|A549,BRD-K87737963|compound|10uM|24h|A549,BRD-K87737963|10uM,BRD-K87737963|10uM,BRD-K87737963|10uM,SQ00015048,SQ00015048,NA,B13,profile,NA,NA,NA,NA
BRD-K88358234,10uM,24h,A549,compound,NA,Serotonin receptor agonist,BRD-K88358234,BRD-K88358234|10uM|24h,BRD-K88358234|10uM|24h|A549,BRD-K88358234|compound|10uM|24h|A549,BRD-K88358234|10uM,BRD-K88358234|10uM,BRD-K88358234|10uM,SQ00015048,SQ00015048,NA,D01,profile,NA,NA,NA,NA
BRD-K89917372,10uM,24h,A549,compound,NA,Potassium channel activator,BRD-K89917372,BRD-K89917372|10uM|24h,BRD-K89917372|10uM|24h|A549,BRD-K89917372|compound|10uM|24h|A549,BRD-K89917372|10uM,BRD-K89917372|10uM,BRD-K89917372|10uM,SQ00015048,SQ00015048,NA,H01,profile,NA,NA,NA,NA
BRD-K90825648,10uM,24h,A549,compound,NA,NA,BRD-K90825648,BRD-K90825648|10uM|24h,BRD-K90825648|10uM|24h|A549,BRD-K90825648|compound|10uM|24h|A549,BRD-K90825648|10uM,BRD-K90825648|10uM,BRD-K90825648|10uM,SQ00015052,SQ00015052,NA,N01,profile,NA,NA,NA,NA
BRD-K91263825,10uM,24h,A549,compound,NA,Tricyclic antidepressant,BRD-K91263825,BRD-K91263825|10uM|24h,BRD-K91263825|10uM|24h|A549,BRD-K91263825|compound|10uM|24h|A549,BRD-K91263825|10uM,BRD-K91263825|10uM,BRD-K91263825|10uM,SQ00015048,SQ00015048,NA,J07,profile,NA,NA,NA,NA
BRD-K92441787,10uM,24h,A549,compound,NA,Retinoid receptor agonist,BRD-K92441787,BRD-K92441787|10uM|24h,BRD-K92441787|10uM|24h|A549,BRD-K92441787|compound|10uM|24h|A549,BRD-K92441787|10uM,BRD-K92441787|10uM,BRD-K92441787|10uM,SQ00015056,SQ00015056,NA,A13,profile,NA,NA,NA,NA
BRD-K92848252,10uM,24h,A549,compound,NA,Angiotensin converting enzyme activator|DNA intercalating agent|Topoisomerase inhibitor,BRD-K92848252,BRD-K92848252|10uM|24h,BRD-K92848252|10uM|24h|A549,BRD-K92848252|compound|10uM|24h|A549,BRD-K92848252|10uM,BRD-K92848252|10uM,BRD-K92848252|10uM,SQ00015056,SQ00015056,NA,C07,profile,NA,NA,NA,NA
BRD-K92984783,10uM,24h,A549,compound,NA,Dopamine receptor antagonist|Serotonin receptor antagonist,BRD-K92984783,BRD-K92984783|10uM|24h,BRD-K92984783|10uM|24h|A549,BRD-K92984783|compound|10uM|24h|A549,BRD-K92984783|10uM,BRD-K92984783|10uM,BRD-K92984783|10uM,SQ00015056,SQ00015056,NA,C13,profile,NA,NA,NA,NA
BRD-K93208532,10uM,24h,A549,compound,NA,Phosphodiesterase inhibitor,BRD-K93208532,BRD-K93208532|10uM|24h,BRD-K93208532|10uM|24h|A549,BRD-K93208532|compound|10uM|24h|A549,BRD-K93208532|10uM,BRD-K93208532|10uM,BRD-K93208532|10uM,SQ00015052,SQ00015052,NA,D01,profile,NA,NA,NA,NA
BRD-K93618743,10uM,24h,A549,compound,NA,Bone resorption inhibitor,BRD-K93618743,BRD-K93618743|10uM|24h,BRD-K93618743|10uM|24h|A549,BRD-K93618743|compound|10uM|24h|A549,BRD-K93618743|10uM,BRD-K93618743|10uM,BRD-K93618743|10uM,SQ00015056,SQ00015056,NA,E13,profile,NA,NA,NA,NA
BRD-K93645900,10uM,24h,A549,compound,NA,Phosphodiesterase inhibitor,BRD-K93645900,BRD-K93645900|10uM|24h,BRD-K93645900|10uM|24h|A549,BRD-K93645900|compound|10uM|24h|A549,BRD-K93645900|10uM,BRD-K93645900|10uM,BRD-K93645900|10uM,SQ00015056,SQ00015056,NA,E19,profile,NA,NA,NA,NA
BRD-K93754473,10uM,24h,A549,compound,NA,Estrogen receptor antagonist|Selective estrogen receptor modulator (SERM),BRD-K93754473,BRD-K93754473|10uM|24h,BRD-K93754473|10uM|24h|A549,BRD-K93754473|compound|10uM|24h|A549,BRD-K93754473|10uM,BRD-K93754473|10uM,BRD-K93754473|10uM,SQ00015056,SQ00015056,NA,F19,profile,NA,NA,NA,NA
BRD-K93779381,10uM,24h,A549,compound,NA,PKC activator,BRD-K93779381,BRD-K93779381|10uM|24h,BRD-K93779381|10uM|24h|A549,BRD-K93779381|compound|10uM|24h|A549,BRD-K93779381|10uM,BRD-K93779381|10uM,BRD-K93779381|10uM,SQ00015052,SQ00015052,NA,D19,profile,NA,NA,NA,NA
BRD-K93880783,10uM,24h,A549,compound,NA,DNA directed DNA polymerase inhibitor|Reverse transcriptase inhibitor,BRD-K93880783,BRD-K93880783|10uM|24h,BRD-K93880783|10uM|24h|A549,BRD-K93880783|compound|10uM|24h|A549,BRD-K93880783|10uM,BRD-K93880783|10uM,BRD-K93880783|10uM,SQ00015052,SQ00015052,NA,D13,profile,NA,NA,NA,NA
BRD-K94436377,10uM,24h,A549,compound,NA,Aryl hydrocarbon receptor agonist|Capillary stabilizing agent,BRD-K94436377,BRD-K94436377|10uM|24h,BRD-K94436377|10uM|24h|A549,BRD-K94436377|compound|10uM|24h|A549,BRD-K94436377|10uM,BRD-K94436377|10uM,BRD-K94436377|10uM,SQ00015052,SQ00015052,NA,E13,profile,NA,NA,NA,NA
BRD-K95412502,10uM,24h,A549,compound,NA,ATPase inhibitor,BRD-K95412502,BRD-K95412502|10uM|24h,BRD-K95412502|10uM|24h|A549,BRD-K95412502|compound|10uM|24h|A549,BRD-K95412502|10uM,BRD-K95412502|10uM,BRD-K95412502|10uM,SQ00015052,SQ00015052,NA,K13,profile,NA,NA,NA,NA
BRD-K96123349,10uM,24h,A549,compound,NA,Dihydroorotate dehydrogenase inhibitor,BRD-K96123349,BRD-K96123349|10uM|24h,BRD-K96123349|10uM|24h|A549,BRD-K96123349|compound|10uM|24h|A549,BRD-K96123349|10uM,BRD-K96123349|10uM,BRD-K96123349|10uM,SQ00015056,SQ00015056,NA,K19,profile,NA,NA,NA,NA
BRD-K96342952,10uM,24h,A549,compound,NA,Bacterial 30S ribosomal subunit inhibitor,BRD-K96342952,BRD-K96342952|10uM|24h,BRD-K96342952|10uM|24h|A549,BRD-K96342952|compound|10uM|24h|A549,BRD-K96342952|10uM,BRD-K96342952|10uM,BRD-K96342952|10uM,SQ00015052,SQ00015052,NA,H07,profile,NA,NA,NA,NA
BRD-K96615647,10uM,24h,A549,compound,NA,NA,BRD-K96615647,BRD-K96615647|10uM|24h,BRD-K96615647|10uM|24h|A549,BRD-K96615647|compound|10uM|24h|A549,BRD-K96615647|10uM,BRD-K96615647|10uM,BRD-K96615647|10uM,SQ00015052,SQ00015052,NA,G19,profile,NA,NA,NA,NA
BRD-K96671969,10uM,24h,A549,compound,NA,NA,BRD-K96671969,BRD-K96671969|10uM|24h,BRD-K96671969|10uM|24h|A549,BRD-K96671969|compound|10uM|24h|A549,BRD-K96671969|10uM,BRD-K96671969|10uM,BRD-K96671969|10uM,SQ00015056,SQ00015056,NA,M01,profile,NA,NA,NA,NA
BRD-K96740444,10uM,24h,A549,compound,NA,Dopamine receptor antagonist,BRD-K96740444,BRD-K96740444|10uM|24h,BRD-K96740444|10uM|24h|A549,BRD-K96740444|compound|10uM|24h|A549,BRD-K96740444|10uM,BRD-K96740444|10uM,BRD-K96740444|10uM,SQ00015056,SQ00015056,NA,M07,profile,NA,NA,NA,NA
BRD-K96936751,10uM,24h,A549,compound,NA,GABA benzodiazepine site receptor partial agonist,BRD-K96936751,BRD-K96936751|10uM|24h,BRD-K96936751|10uM|24h|A549,BRD-K96936751|compound|10uM|24h|A549,BRD-K96936751|10uM,BRD-K96936751|10uM,BRD-K96936751|10uM,SQ00015056,SQ00015056,NA,N13,profile,NA,NA,NA,NA
BRD-K97101532,10uM,24h,A549,compound,NA,NA,BRD-K97101532,BRD-K97101532|10uM|24h,BRD-K97101532|10uM|24h|A549,BRD-K97101532|compound|10uM|24h|A549,BRD-K97101532|10uM,BRD-K97101532|10uM,BRD-K97101532|10uM,SQ00015052,SQ00015052,NA,H19,profile,NA,NA,NA,NA
BRD-K97158071,10uM,24h,A549,compound,NA,Dopamine receptor antagonist,BRD-K97158071,BRD-K97158071|10uM|24h,BRD-K97158071|10uM|24h|A549,BRD-K97158071|compound|10uM|24h|A549,BRD-K97158071|10uM,BRD-K97158071|10uM,BRD-K97158071|10uM,SQ00015052,SQ00015052,NA,J01,profile,NA,NA,NA,NA
BRD-K97309399,10uM,24h,A549,compound,NA,Dopamine receptor antagonist,BRD-K97309399,BRD-K97309399|10uM|24h,BRD-K97309399|10uM|24h|A549,BRD-K97309399|compound|10uM|24h|A549,BRD-K97309399|10uM,BRD-K97309399|10uM,BRD-K97309399|10uM,SQ00015052,SQ00015052,NA,K19,profile,NA,NA,NA,NA
BRD-K97564742,10uM,24h,A549,compound,NA,Histamine receptor antagonist,BRD-K97564742,BRD-K97564742|10uM|24h,BRD-K97564742|10uM|24h|A549,BRD-K97564742|compound|10uM|24h|A549,BRD-K97564742|10uM,BRD-K97564742|10uM,BRD-K97564742|10uM,SQ00015052,SQ00015052,NA,I13,profile,NA,NA,NA,NA
BRD-K97643133,10uM,24h,A549,compound,NA,CD antagonist,BRD-K97643133,BRD-K97643133|10uM|24h,BRD-K97643133|10uM|24h|A549,BRD-K97643133|compound|10uM|24h|A549,BRD-K97643133|10uM,BRD-K97643133|10uM,BRD-K97643133|10uM,SQ00015052,SQ00015052,NA,I19,profile,NA,NA,NA,NA
BRD-K97963946,10uM,24h,A549,compound,NA,NA,BRD-K97963946,BRD-K97963946|10uM|24h,BRD-K97963946|10uM|24h|A549,BRD-K97963946|compound|10uM|24h|A549,BRD-K97963946|10uM,BRD-K97963946|10uM,BRD-K97963946|10uM,SQ00015052,SQ00015052,NA,P07,profile,NA,NA,NA,NA
BRD-K98004573,10uM,24h,A549,compound,NA,Histamine receptor antagonist|Platelet activating factor receptor antagonist,BRD-K98004573,BRD-K98004573|10uM|24h,BRD-K98004573|10uM|24h|A549,BRD-K98004573|compound|10uM|24h|A549,BRD-K98004573|10uM,BRD-K98004573|10uM,BRD-K98004573|10uM,SQ00015052,SQ00015052,NA,P01,profile,NA,NA,NA,NA
BRD-K98530306,10uM,24h,A549,compound,NA,Adrenergic receptor agonist,BRD-K98530306,BRD-K98530306|10uM|24h,BRD-K98530306|10uM|24h|A549,BRD-K98530306|compound|10uM|24h|A549,BRD-K98530306|10uM,BRD-K98530306|10uM,BRD-K98530306|10uM,SQ00015044,SQ00015044,NA,B19,profile,NA,NA,NA,NA
BRD-K98769987,10uM,24h,A549,compound,NA,Benzodiazepine receptor antagonist,BRD-K98769987,BRD-K98769987|10uM|24h,BRD-K98769987|10uM|24h|A549,BRD-K98769987|compound|10uM|24h|A549,BRD-K98769987|10uM,BRD-K98769987|10uM,BRD-K98769987|10uM,SQ00015048,SQ00015048,NA,M01,profile,NA,NA,NA,NA
BRD-K99113996,10uM,24h,A549,compound,NA,MTOR inhibitor,BRD-K99113996,BRD-K99113996|10uM|24h,BRD-K99113996|10uM|24h|A549,BRD-K99113996|compound|10uM|24h|A549,BRD-K99113996|10uM,BRD-K99113996|10uM,BRD-K99113996|10uM,SQ00015044,SQ00015044,NA,H01,profile,NA,NA,NA,NA
BRD-K99504665,10uM,24h,A549,compound,NA,Gonadotropin releasing factor hormone receptor agonist,BRD-K99504665,BRD-K99504665|10uM|24h,BRD-K99504665|10uM|24h|A549,BRD-K99504665|compound|10uM|24h|A549,BRD-K99504665|10uM,BRD-K99504665|10uM,BRD-K99504665|10uM,SQ00015052,SQ00015052,NA,L19,profile,NA,NA,NA,NA
BRD-K99749624,10uM,24h,A549,compound,NA,PDGFR tyrosine kinase receptor inhibitor|VEGFR inhibitor,BRD-K99749624,BRD-K99749624|10uM|24h,BRD-K99749624|10uM|24h|A549,BRD-K99749624|compound|10uM|24h|A549,BRD-K99749624|10uM,BRD-K99749624|10uM,BRD-K99749624|10uM,SQ00015048,SQ00015048,NA,N13,profile,NA,NA,NA,NA
BRD-K99964838,10uM,24h,A549,compound,NA,Src inhibitor|Abl kinase inhibitor|Bcr-Abl kinase inhibitor,BRD-K99964838,BRD-K99964838|10uM|24h,BRD-K99964838|10uM|24h|A549,BRD-K99964838|compound|10uM|24h|A549,BRD-K99964838|10uM,BRD-K99964838|10uM,BRD-K99964838|10uM,SQ00015120,SQ00015120,NA,N19,profile,NA,NA,NA,NA
