experiment_id	phase	family	tier	seed	dataset	eval_split	mode	status_label	transition_improvement	delta_cosine	recall_at_1	median_rank	delta_rank	magnitude_ratio	rna_to_image_recall_at_1	image_to_rna_recall_at_1	z_bio_batch_probe	z_tech_batch_probe	batch_allocation_gap	effective_rank_z_bio	effective_rank_target	collapse_flag	leakage_flag	floor_gap_transition	floor_gap_recall	floor_gap_delta_cosine	selected_residual_scale	calibration_lcb_transition_gap	calibration_lcb_recall_gap	action_negative_gap	context_contract_pass	jepa_identity_pass	notes	artifact_dir
BGWM000	Phase8v3	floor_reproduction	Step0	0	synth_genetic_anchor_lite	test_heldout_perturbation	full_action_ridge_floor	BGWM000_PASS_FLOOR_REPRODUCED	0.005662	0.397963	0.481481	2.0	10.283477	0.774437	0.0	0.0	0.0	0.0	0.0	10.283477	0.0	False	False	0.0	0.0	0.0	0.0	0.0	0.0	0.0	True	True	Protected full action-ridge transition floor reproduced.	outputs/autoresearch_total_autonomy_bioguard_wm_jepa/experiments/BGWM000_floor_reproduction
BGWM001_s0	Phase8v3	predictor_unit_assay	Tier1	0	synth_genetic_anchor_lite	test_heldout_perturbation	predictor_unit_assay	BGWM001_PASS_UNIT_ASSAY	0.005662	0.397963	0.481481	0.0	10.283477	0.774437	0.0	0.0	0.0	0.0	0.0	10.283477	0.0	False	False	0.0	0.0	0.0	0.0	0.0	0.0	0.0	True	True	Frozen-latent operator probe; no model promotion.	outputs/autoresearch_total_autonomy_bioguard_wm_jepa/experiments/BGWM001_unit_assay_seed0
BGWM002_s0	Phase8v3	action_adaln_rope_residual	Tier1	0	synth_genetic_anchor_lite	test_heldout_perturbation	action_adaln_rope_residual	BGWM002_CLOSE_NO_SAFE_RESIDUAL_AFTER_ACTION_ADALN	0.005662	0.397963	0.481481	0.0	10.283477	0.774437	0.0	0.0	0.0	0.0	0.0	10.283477	0.0	False	False	0.0	0.0	0.0	0.0	0.0	0.0	0.0	True	True	Frozen-latent operator probe; no model promotion.	outputs/autoresearch_total_autonomy_bioguard_wm_jepa/experiments/BGWM002_frozen_action_adaln_seed0
BGWM002_s1	Phase8v3	action_adaln_rope_residual	Tier1	1	synth_genetic_anchor_lite	test_heldout_perturbation	action_adaln_rope_residual	BGWM002_CLOSE_NO_SAFE_RESIDUAL_AFTER_ACTION_ADALN	0.005662	0.397963	0.481481	0.0	10.283477	0.774437	0.0	0.0	0.0	0.0	0.0	10.283477	0.0	False	False	0.0	0.0	0.0	0.0	0.0	0.0	0.0	True	True	Frozen-latent operator probe; no model promotion.	outputs/autoresearch_total_autonomy_bioguard_wm_jepa/experiments/BGWM002_frozen_action_adaln_seed1
BGWM002_s2	Phase8v3	action_adaln_rope_residual	Tier1	2	synth_genetic_anchor_lite	test_heldout_perturbation	action_adaln_rope_residual	BGWM002_CLOSE_NO_SAFE_RESIDUAL_AFTER_ACTION_ADALN	0.005662	0.397963	0.481481	0.0	10.283477	0.774437	0.0	0.0	0.0	0.0	0.0	10.283477	0.0	False	False	0.0	0.0	0.0	0.0	0.0	0.0	0.0	True	True	Frozen-latent operator probe; no model promotion.	outputs/autoresearch_total_autonomy_bioguard_wm_jepa/experiments/BGWM002_frozen_action_adaln_seed2
F001	PostPhase8Council	Metric and data redesign	Diagnostic	0	synth_genetic_anchor_lite	test_heldout_perturbation	bootstrap_floor_noise_audit	F001_BOOTSTRAP_FLOOR_NOISE_AUDIT_COMPLETED	0.005662	0.397963	0.481481	2.0	10.283477	0.774437	0.0	0.0	0.0	0.0	0.0	10.283477	0.0	False	False	0.0	0.0	0.0	0.0	-0.014673	0.0	0.0	True	True	Post-Phase8 council diagnostic; no model promotion.	outputs/autoresearch_total_autonomy_bioguard_wm_jepa/experiments/F001_bootstrap_floor_noise
F002	PostPhase8Council	Metric and data redesign	Diagnostic	0	synth_genetic_anchor_lite	test_heldout_perturbation	heldout_difficulty_stratification	F002_HELDOUT_DIFFICULTY_STRATIFICATION_COMPLETED	0.005662	0.397963	0.481481	2.0	10.283477	0.774437	0.0	0.0	0.0	0.0	0.0	10.283477	0.0	False	False	0.0	0.0	0.0	0.0	0.0	0.0	0.0	True	True	Post-Phase8 difficulty diagnostic; no split modification.	outputs/autoresearch_total_autonomy_bioguard_wm_jepa/experiments/F002_heldout_difficulty_stratification
F003	PostPhase8Council	Metric and data redesign	Diagnostic	0	synth_genetic_anchor_lite	test_heldout_perturbation	action_condition_heterogeneity_audit	F003_ACTION_CONDITION_HETEROGENEITY_AUDIT_COMPLETED	0.005662	0.397963	0.481481	2.0	10.283477	0.774437	0.0	0.0	0.0	0.0	0.0	10.283477	0.0	False	False	0.0	0.0	0.0	0.0	0.0	0.0	0.0	True	True	Action heterogeneity diagnostic; positive_action_groups=2, non_positive_action_groups=1.	outputs/autoresearch_total_autonomy_bioguard_wm_jepa/experiments/F003_action_condition_heterogeneity
F004	PostPhase8Council	Metric and data redesign	Diagnostic	0	synth_genetic_anchor_lite	test_heldout_perturbation	action_support_distance_audit	F004_ACTION_SUPPORT_DISTANCE_AUDIT_COMPLETED	0.005662	0.397963	0.481481	2.0	10.283477	0.774437	0.0	0.0	0.0	0.0	0.0	10.283477	0.0	False	False	0.0	0.0	0.0	0.0	0.0	0.0	0.0	True	True	Action support distance diagnostic; labels used only for audit.	outputs/autoresearch_total_autonomy_bioguard_wm_jepa/experiments/F004_action_support_distance
F005	PostPhase8Council	Metric and data redesign	Diagnostic	0	synth_genetic_anchor_lite	test_heldout_perturbation	train_only_leave_action_out_floor_audit	F005_TRAIN_ONLY_LEAVE_ACTION_OUT_FLOOR_AUDIT_COMPLETED	0.005662	0.397963	0.481481	2.0	10.283477	0.774437	0.0	0.0	0.0	0.0	0.0	10.283477	0.0	False	False	0.0	0.0	0.0	0.0	-0.018999	0.0	0.0	True	True	Train-only leave-action-out floor audit; negative_action_groups=2.	outputs/autoresearch_total_autonomy_bioguard_wm_jepa/experiments/F005_train_only_leave_action_out_floor
F006	PostPhase8Council	Metric and data redesign	Diagnostic	0	synth_genetic_anchor_lite	test_heldout_perturbation	ridge_ensemble_uncertainty_audit	F006_RIDGE_ENSEMBLE_UNCERTAINTY_AUDIT_COMPLETED	0.005662	0.397963	0.481481	2.0	10.283477	0.774437	0.0	0.0	0.0	0.0	0.0	10.283477	0.0	False	False	0.0	0.0	0.0	0.0	0.250186	0.0	0.0	True	True	Ridge ensemble uncertainty diagnostic; corr_uncertainty_transition=0.2502.	outputs/autoresearch_total_autonomy_bioguard_wm_jepa/experiments/F006_ridge_ensemble_uncertainty
F007	PostPhase8Council	Metric and data redesign	Diagnostic	0	synth_genetic_anchor_lite	test_heldout_perturbation	replicate_ceiling_audit	F007_REPLICATE_CEILING_AUDIT_COMPLETED	0.005662	0.397963	0.481481	2.0	10.283477	0.774437	0.0	0.0	0.0	0.0	0.0	10.283477	0.0	False	False	0.0	0.0	0.0	0.0	0.237035	0.0	0.0	True	True	Replicate ceiling diagnostic; lowest_floor_gain_action=9.	outputs/autoresearch_total_autonomy_bioguard_wm_jepa/experiments/F007_replicate_ceiling
C001	PostPhase8Council	Representation repair	Diagnostic	0	synth_genetic_anchor_lite	test_heldout_perturbation	representation_error_audit	C001_REPRESENTATION_ERROR_AUDIT_COMPLETED	0.005662	0.397963	0.481481	2.0	10.283477	0.774437	0.0	0.0	0.0	0.0	0.0	12.267062	12.267062	False	False	0.0	0.0	0.0	0.0	0.0	0.0	0.0	True	True	Representation error audit; lowest_transition_action=9.	outputs/autoresearch_total_autonomy_bioguard_wm_jepa/experiments/C001_representation_error_audit
C002	PostPhase8Council	Representation repair	Diagnostic	0	synth_genetic_anchor_lite	test_heldout_perturbation	latent_delta_manifold_support_audit	C002_LATENT_DELTA_MANIFOLD_SUPPORT_AUDIT_COMPLETED	0.005662	0.397963	0.481481	2.0	10.283477	0.774437	0.0	0.0	0.0	0.0	0.0	10.283477	0.0	False	False	0.0	0.0	0.0	0.0	0.319198	0.0	0.0	True	True	Delta manifold support audit; lowest_transition_action=9.	outputs/autoresearch_total_autonomy_bioguard_wm_jepa/experiments/C002_delta_manifold_support
C003	PostPhase8Council	Representation repair	Diagnostic	0	synth_genetic_anchor_lite	test_heldout_perturbation	train_only_delta_support_audit	C003_TRAIN_ONLY_DELTA_SUPPORT_AUDIT_COMPLETED	0.005662	0.397963	0.481481	2.0	10.283477	0.774437	0.0	0.0	0.0	0.0	0.0	10.283477	0.0	False	False	0.0	0.0	0.0	0.0	0.820671	0.0	0.0	True	True	Train-only delta support audit; negative_action_groups=2.	outputs/autoresearch_total_autonomy_bioguard_wm_jepa/experiments/C003_train_only_delta_support
E001	PostPhase8Council	Program and graph action priors	Diagnostic	0	synth_genetic_anchor_lite	test_heldout_perturbation	action_prior_sufficiency_audit	E001_ACTION_PRIOR_SUFFICIENCY_AUDIT_COMPLETED	0.007293	0.407891	0.222222	3.0	9.941981	0.740714	0.0	0.0	0.0	0.0	0.0	10.283477	0.0	False	False	0.001631	-0.259259	0.009929	0.0	0.0	0.0	0.0	True	True	Action prior sufficiency audit; best_heldout_baseline=source_only.	outputs/autoresearch_total_autonomy_bioguard_wm_jepa/experiments/E001_action_prior_sufficiency
E002	PostPhase8Council	Program and graph action priors	Diagnostic	0	synth_genetic_anchor_lite	test_heldout_perturbation	source_action_blend_audit	E002_BLEND_SELECTED_DIAGNOSTIC_ONLY	0.006526	0.403772	0.444444	2.0	10.268398	0.765558	0.0	0.0	0.0	0.0	0.0	10.268398	0.0	False	False	0.000864	-0.037037	0.005809	0.1	0.0	0.0	0.0	True	True	Source/action blend diagnostic; alpha_source_only=0.10; no promotion.	outputs/autoresearch_total_autonomy_bioguard_wm_jepa/experiments/E002_source_action_blend
D001	PostPhase8Council	Population transport JEPA	Diagnostic	0	synth_genetic_anchor_lite	test_heldout_perturbation	prototype_transition_diagnostic	D001_PROTOTYPE_TRANSITION_DIAGNOSTIC_COMPLETED	-0.013464	0.185708	0.444444	2.0	5.769193	0.670534	0.0	0.0	0.0	0.0	0.0	5.769193	0.0	False	False	-0.019126	-0.037037	-0.212255	0.0	0.0	0.0	0.0	True	True	Prototype transition diagnostic; no model promotion.	outputs/autoresearch_total_autonomy_bioguard_wm_jepa/experiments/D001_prototype_transition
E003	PostPhase8Council	Program and graph action priors	Diagnostic	0	synth_genetic_anchor_lite	test_heldout_perturbation	condition_level_source_action_blend_audit	E003_CONDITION_BLEND_REJECTED_KEEP_FULL_FLOOR	0.005662	0.397963	0.481481	2.0	10.283477	0.774437	0.0	0.0	0.0	0.0	0.0	10.283477	0.0	False	False	0.0	0.0	0.0	0.0	0.0	0.0	0.0	True	True	Condition-level blend diagnostic; alpha_source_only=0.000; no promotion.	outputs/autoresearch_total_autonomy_bioguard_wm_jepa/experiments/E003_condition_level_blend
E004	PostPhase8Council	Program and graph action priors	Diagnostic	0	synth_genetic_anchor_lite	test_heldout_perturbation	support_aware_source_action_blend_audit	E004_SUPPORT_AWARE_BLEND_DISCARDED_HELDOUT_BELOW_FLOOR	0.006526	0.403772	0.444444	2.0	10.268398	0.765558	0.0	0.0	0.0	0.0	0.0	10.268398	0.0	False	False	0.000864	-0.037037	0.005809	0.1	8.9e-05	0.0	0.0	True	True	Support-aware blend diagnostic; alpha_source_only=0.100; active_fraction=1.000; no promotion.	outputs/autoresearch_total_autonomy_bioguard_wm_jepa/experiments/E004_support_aware_blend
E005	PostPhase8Council	Program and graph action priors	Diagnostic	0	synth_genetic_anchor_lite	test_heldout_perturbation	predicted_support_score_audit	E005_PREDICTED_SUPPORT_SCORE_AUDIT_COMPLETED	0.005662	0.397963	0.481481	2.0	10.283477	0.774437	0.0	0.0	0.0	0.0	0.0	10.283477	0.0	False	False	0.0	0.0	0.0	0.0	0.791106	0.0	0.997946	True	True	Predicted support score diagnostic; pred_corr=0.7911, teacher_corr=0.9979.	outputs/autoresearch_total_autonomy_bioguard_wm_jepa/experiments/E005_predicted_support_score
E006	PostPhase8Council	Program and graph action priors	Diagnostic	0	synth_genetic_anchor_lite	test_heldout_perturbation	heldout_support_threshold_oracle_audit	E006_ORACLE_SUPPORT_GATE_HAS_CAPACITY_CALIBRATION_FAILURE	0.006882	0.401877	0.481481	0.0	10.415637	0.761317	0.0	0.0	0.0	0.0	0.0	10.415637	0.0	False	False	0.00122	0.0	0.003915	0.5	0.0	0.0	0.0	True	True	Held-out oracle audit only; uses eval labels to test family capacity, not for model selection.	outputs/autoresearch_total_autonomy_bioguard_wm_jepa/experiments/E006_support_threshold_oracle
E007	PostPhase8Council	Program and graph action priors	Diagnostic	0	synth_genetic_anchor_lite	test_heldout_perturbation	high_support_abstention_calibration_diagnostic	E007_HIGH_SUPPORT_CALIBRATION_DISCARDED_HELDOUT_BELOW_FLOOR	0.005997	0.39972	0.444444	2.0	10.296415	0.769813	0.0	0.0	0.0	0.0	0.0	10.296415	0.0	False	False	0.000335	-0.037037	0.001757	0.1	-0.000447	0.0	0.0	True	True	Oracle-informed diagnostic only; alpha=0.100; active_fraction=0.407; no promotion.	outputs/autoresearch_total_autonomy_bioguard_wm_jepa/experiments/E007_high_support_calibration
E008	PostPhase8Council	Program and graph action priors	Diagnostic	0	synth_genetic_anchor_lite	test_heldout_perturbation	nested_train_only_high_support_calibration_audit	E008_NESTED_HIGH_SUPPORT_CALIBRATION_FAILED_TRAIN_ONLY	0.005662	0.397963	0.481481	2.0	10.283477	0.774437	0.0	0.0	0.0	0.0	0.0	10.283477	0.0	False	False	-1.6e-05	0.0	-0.003404	0.0	-0.000962	0.0	8.0	True	True	Nested train-only calibration audit; no held-out eval split used.	outputs/autoresearch_total_autonomy_bioguard_wm_jepa/experiments/E008_nested_high_support_calibration
F008	PostPhase8Council	Metric and data redesign	Diagnostic	0	synth_genetic_anchor_lite	test_heldout_perturbation	train_only_heldout_set_geometry_audit	F008_SPLIT_GEOMETRY_UNSTABLE_REDESIGN_BENCHMARK_BEFORE_MORE_CANDIDATES	0.023692	0.499635	0.265873	3.0	9.042252	0.74026	0.0	0.0	0.0	0.0	0.0	9.042252	0.0	False	False	0.01803	-0.215608	0.101673	0.0	0.005984	0.111111	0.071429	True	True	Train-only split geometry audit; no held-out eval rows used for fitting or selection.	outputs/autoresearch_total_autonomy_bioguard_wm_jepa/experiments/F008_train_only_split_geometry
F009	PostPhase8Council	Metric and data redesign	Diagnostic	0	synth_genetic_anchor_lite	test_heldout_perturbation	support_threshold_split_redesign_audit	F009_SUPPORT_THRESHOLDS_REMOVE_NEGATIVE_TRANSITION_NOT_RECALL_BENCHMARK_REDESIGN_REQUIRED	0.033906	0.546457	0.2846	0.0	0.0	0.0	0.0	0.0	0.0	0.0	0.0	0.0	0.0	False	False	0.028244	-0.196881	0.148495	0.0	0.019633	0.148148	0.0	True	True	Train-only benchmark redesign audit; no candidate model selection or split mutation.	outputs/autoresearch_total_autonomy_bioguard_wm_jepa/experiments/F009_support_threshold_redesign
R001	PostPhase8Council	Retrieval and metric redesign	Diagnostic	0	synth_genetic_anchor_lite	test_heldout_perturbation	retrieval_label_granularity_audit	R001_RETRIEVAL_DOMINATED_BY_CELL_LINE_NOT_PERTURBATION	0.005662	0.397963	0.265873	3.0	10.283477	0.774437	0.0	0.0	0.0	0.0	0.0	10.283477	0.0	False	False	0.0	-0.215608	0.0	0.0	0.565476	0.054233	-0.181217	True	True	Best retrieval label=cell_line_label; audit only, no metric replacement.	outputs/autoresearch_total_autonomy_bioguard_wm_jepa/experiments/R001_retrieval_granularity
C004	PostPhase8Council	Representation repair	Diagnostic	0	synth_genetic_anchor_lite	test_heldout_perturbation	cell_line_source_dominance_audit	C004_CELL_LINE_SOURCE_DOMINANCE_CONFIRMED_PERTURBATION_DELTA_UNDERREPRESENTED	0.023692	0.499635	0.481481	0.0	12.020534	0.0	0.0	0.0	0.0	0.0	0.0	13.473452	13.342862	False	False	0.0	0.0	0.0	0.0	0.459869	-0.2373	0.0	True	True	Train-only pseudoheldout factor-dominance audit; no eval-row fitting or model selection.	outputs/autoresearch_total_autonomy_bioguard_wm_jepa/experiments/C004_cell_line_dominance
C005	PostPhase8Council	Representation repair	Diagnostic	0	synth_genetic_anchor_lite	test_heldout_perturbation	perturbation_centered_delta_retrieval_audit	C005_DELTA_SPACE_PARTIALLY_REPAIRS_PERTURBATION_RECALL_BUT_BELOW_FLOOR	0.005662	0.397963	0.42791	0.0	10.283477	0.774437	0.0	0.0	0.0	0.0	0.0	10.283477	0.0	False	False	0.0	-0.053571	0.0	0.0	0.107804	0.05291	0.187169	True	True	Train-only delta-space retrieval audit; no metric replacement or model promotion.	outputs/autoresearch_total_autonomy_bioguard_wm_jepa/experiments/C005_delta_retrieval
C006	PostPhase8Council	Representation repair	Diagnostic	0	synth_genetic_anchor_lite	test_heldout_perturbation	endpoint_delta_composite_retrieval_audit	C006_COMPOSITE_RETRIEVAL_PARTIALLY_REPAIRS_CONDITION_RECALL_BELOW_FLOOR	0.005662	0.397963	0.367063	2.303571	10.283477	0.774437	0.0	0.0	0.0	0.0	0.0	10.283477	0.0	False	False	0.0	-0.114418	0.0	0.1	0.10119	0.04828	0.0	True	True	Composite endpoint+delta retrieval audit; diagnostic only.	outputs/autoresearch_total_autonomy_bioguard_wm_jepa/experiments/C006_composite_retrieval
C007	PostPhase8Council	Representation repair	Diagnostic	0	synth_genetic_anchor_lite	test_heldout_perturbation	nested_endpoint_delta_composite_retrieval_calibration	C007_NESTED_COMPOSITE_CALIBRATION_PARTIAL_GAIN_BELOW_FLOOR	0.005662	0.397963	0.365079	2.303571	10.283477	0.774437	0.0	0.0	0.0	0.0	0.0	10.283477	0.0	False	False	0.0	-0.116402	0.0	0.148214	0.099206	-0.296296	0.063492	True	True	Nested train-only composite retrieval calibration audit; diagnostic only.	outputs/autoresearch_total_autonomy_bioguard_wm_jepa/experiments/C007_nested_composite_calibration
G001	PostPhase8Council	Fresh synthetic seed audit	Diagnostic	1	synth_genetic_anchor_lite	test_heldout_perturbation	fresh_synthetic_seed_latent_cache_geometry_audit	G001_FRESH_SYNTHETIC_SEED_CONFIRMS_COMPOSITE_PARTIAL_REPAIR_BELOW_FLOOR	0.021756	0.540428	0.333333	2.0	9.937518	0.793358	0.0	0.0	0.0	0.0	0.0	9.937518	0.0	False	False	0.016095	-0.148148	0.142466	0.5	0.095238	-0.109788	0.056217	True	True	Fresh synthetic seed-1 latent cache geometry audit; diagnostic only.	outputs/autoresearch_total_autonomy_bioguard_wm_jepa/experiments/G001_fresh_synthetic_seed_cache
F010	PostPhase8Council	Metric and data redesign	Diagnostic	0	synth_genetic_anchor_lite	test_heldout_perturbation	metric_disagreement_audit	F010_RECALL_GATE_SEED_UNSTABLE_CONTINUOUS_METRICS_DISAGREE	0.005662	0.397963	0.481481	2.0	10.283477	0.774437	0.0	0.0	0.0	0.0	0.0	10.283477	0.0	False	False	0.016095	-0.148148	0.142466	0.0	0.10119	0.095238	0.343991	True	True	Metric disagreement audit; no gate change, no model promotion.	outputs/autoresearch_total_autonomy_bioguard_wm_jepa/experiments/F010_metric_disagreement
C008	PostPhase8Council	Representation repair	Diagnostic	0	synth_genetic_anchor_lite	test_heldout_perturbation	source_state_constrained_retrieval_audit	C008_SOURCE_STATE_CONSTRAINED_RETRIEVAL_REACHES_RECALL_FLOOR_DIAGNOSTIC	0.005662	0.397963	0.486111	1.571429	10.283477	0.774437	0.0	0.0	0.0	0.0	0.0	10.283477	0.0	False	False	0.0	0.00463	0.0	1.0	0.149471	-0.185185	0.0	True	True	Source-state constrained retrieval audit; diagnostic only, no metadata model input.	outputs/autoresearch_total_autonomy_bioguard_wm_jepa/experiments/C008_source_state_constrained_retrieval
F011	PostPhase8Council	Metric and data redesign	Diagnostic	0,1,2,3,4	synth_genetic_anchor_lite	test_heldout_perturbation	protected_floor_seed_stability_audit	F011_RECALL_FLOOR_SEED_SPECIFIC_CONTINUOUS_METRICS_STABLE	0.012686	0.464903	0.296296	3.0	10.236392	0.750945	0.0	0.0	0.0	0.0	0.0	10.236392	0.0	False	False	0.007024	-0.185185	0.06694	0.0	-0.005238	-0.222222	0.0	True	True	Protected-floor seed-stability audit; diagnostic only, no gate change.	outputs/autoresearch_total_autonomy_bioguard_wm_jepa/experiments/F011_protected_floor_seed_stability
C009	PostPhase8Council	Representation repair	Diagnostic	0	synth_genetic_anchor_lite	test_heldout_perturbation	nested_source_state_constrained_retrieval_calibration	C009_NESTED_SOURCE_STATE_RETRIEVAL_PARTIAL_REPAIR_BELOW_FLOOR	0.005662	0.397963	0.480159	1.642857	10.283477	0.774437	0.0	0.0	0.0	0.0	0.0	10.283477	0.0	False	False	0.0	-0.001323	0.0	0.575	0.143519	-0.185185	0.0	True	True	Nested source-state constrained retrieval calibration audit; diagnostic only.	outputs/autoresearch_total_autonomy_bioguard_wm_jepa/experiments/C009_nested_source_state_retrieval
C010	PostPhase8Council	Representation repair	Diagnostic	0	synth_genetic_anchor_lite	test_heldout_perturbation	nested_source_latent_neighborhood_retrieval	C010_SOURCE_LATENT_NEIGHBORHOOD_RETRIEVAL_PARTIAL_REPAIR_BELOW_FLOOR	0.005662	0.397963	0.398148	1.892857	10.283477	0.774437	0.0	0.0	0.0	0.0	0.0	10.283477	0.0	False	False	0.0	-0.083333	0.0	0.50625	0.132275	-0.296296	0.064153	True	True	Nested source-latent neighborhood retrieval audit; diagnostic only.	outputs/autoresearch_total_autonomy_bioguard_wm_jepa/experiments/C010_source_latent_neighborhood_retrieval
C011	PostPhase8Council	Representation repair	Diagnostic	0	synth_genetic_anchor_lite	test_heldout_perturbation	source_neighborhood_purity_audit	C011_SOURCE_LATENT_NEIGHBORHOOD_IMPURITY_EXPLAINS_PROXY_FAILURE	0.005662	0.397963	0.715682	0.0	10.283477	0.774437	0.0	0.0	0.0	0.0	0.0	10.283477	0.0	False	False	0.0	-0.083333	0.0	0.0	0.082011	0.715682	0.0	True	True	Source-neighborhood purity audit; diagnostic only.	outputs/autoresearch_total_autonomy_bioguard_wm_jepa/experiments/C011_source_neighborhood_purity
C012	PostPhase8Council	Representation repair	Diagnostic	0	synth_genetic_anchor_lite	test_heldout_perturbation	source_state_latent_space_audit	C012_SOURCE_STATE_SIGNAL_STRONGER_OUTSIDE_Z_BIO	0.005662	0.397963	0.911229	0.0	10.283477	0.774437	0.0	0.0	0.0	0.0	0.0	10.283477	0.0	False	False	0.0	0.195547	0.0	0.0	0.195547	0.715682	0.0	True	True	Source-state latent-space allocation audit; diagnostic only.	outputs/autoresearch_total_autonomy_bioguard_wm_jepa/experiments/C012_source_state_latent_space
C013	PostPhase8Council	Representation repair	Diagnostic	0	synth_genetic_anchor_lite	test_heldout_perturbation	nested_online_source_neighborhood_retrieval	C013_ONLINE_SOURCE_NEIGHBORHOOD_RETRIEVAL_PARTIAL_REPAIR_BELOW_FLOOR	0.005662	0.397963	0.457672	1.714286	10.283477	0.774437	0.0	0.0	0.0	0.0	0.0	10.283477	0.0	False	False	0.0	-0.02381	0.0	0.573214	0.191799	-0.185185	0.017196	True	True	Nested online-source-neighborhood retrieval audit; diagnostic only.	outputs/autoresearch_total_autonomy_bioguard_wm_jepa/experiments/C013_online_source_neighborhood_retrieval
C014	PostPhase8Council	Representation repair	Diagnostic	0	synth_genetic_anchor_lite	test_heldout_perturbation	online_teacher_source_geometry_audit	C014_TEACHER_TARGET_ATTENUATES_SOURCE_STATE_STRUCTURE	0.005662	0.397963	0.911229	0.0	10.283477	0.774437	0.0	0.0	0.0	0.0	0.0	10.283477	0.0	False	False	0.0	0.195547	0.0	0.0	0.262757	0.567401	0.948731	True	True	Online-vs-teacher source-state geometry audit; diagnostic only.	outputs/autoresearch_total_autonomy_bioguard_wm_jepa/experiments/C014_online_teacher_source_geometry
C015	PostPhase8Council	Representation repair	Diagnostic	0	synth_genetic_anchor_lite	test_heldout_perturbation	source_state_preservation_decision_audit	C015_DO_NOT_REOPEN_TRAINING_SOURCE_STATE_PRESERVATION_INSUFFICIENT	0.005662	0.397963	0.457672	0.0	10.283477	0.774437	0.0	0.0	0.0	0.0	0.0	10.283477	0.0	False	False	0.0	-0.02381	0.0	0.0	0.022487	-0.062831	0.195547	True	True	Source-state preservation decision audit; diagnostic only, no training launched.	outputs/autoresearch_total_autonomy_bioguard_wm_jepa/experiments/C015_source_state_preservation_decision
F012	PostPhase8Council	Metric and data redesign	Diagnostic	0,1,2,3,4	synth_genetic_anchor_lite	test_heldout_perturbation	benchmark_redesign_brief	F012_BENCHMARK_REDESIGN_REQUIRED_BEFORE_MORE_ARCHITECTURE	0.012686	0.464903	0.296296	0.0	0.0	0.0	0.0	0.0	0.0	0.0	0.0	0.0	0.0	False	False	0.0	-0.185185	0.06694	0.0	0.0	0.0	0.0	True	True	Benchmark redesign brief; documentation only, no gate change.	outputs/autoresearch_total_autonomy_bioguard_wm_jepa/experiments/F012_benchmark_redesign_brief
G002	PostPhase8Council	Fresh synthetic seed geometry	Diagnostic	0	synth_genetic_anchor_lite	test_heldout_perturbation	multi_seed_source_state_stability_audit	G002_MULTI_SEED_SOURCE_STATE_SIGNAL_UNSTABLE_NO_TRAINING_REOPEN	0.009311	0.440083	0.430886	0.0	10.085089	0.759373	0.0	0.0	0.0	0.0	0.0	10.085089	0.0	False	False	0.003649	-0.050595	0.04212	0.0	-0.097884	-0.050595	1.0	True	True	Multi-seed source-state stability audit; completed_seeds=4; no model promotion.	outputs/autoresearch_total_autonomy_bioguard_wm_jepa/experiments/G002_multi_seed_source_state_stability
G002A	PostPhase8Council	Fresh synthetic seed geometry	Diagnostic	1,2,3,4	synth_genetic_anchor_lite	test_heldout_perturbation	multi_seed_fresh_cache_replication_archived_id_repair	G002_FRESH_REPLICATION_CONFIRMS_SOURCE_PROXY_INSTABILITY_BELOW_FLOOR	0.012686	0.464903	0.425926	1.90625	10.236392	0.750945	0.0	0.0	0.0	0.0	0.0	10.236392	0.0	False	False	0.007024	-0.055556	0.0	0.490625	-0.097884	0.0	-0.019841	True	True	Archived fresh-cache replication row; original G002 id also used by source-state stability diagnostic.	outputs/autoresearch_total_autonomy_bioguard_wm_jepa/experiments/G002_multi_seed_fresh_cache_replication
F013	PostPhase8Council	Metric and data redesign	Step0	0,1,2,3,4	synthetic_genetic_anchor_lite_multiseed_v1	test_heldout_perturbation	multiseed_step0_baseline_registry	F013_MULTISEED_STEP0_REGISTRY_COMPLETE_ARCHITECTURE_STILL_LOCKED	0.011281	0.451515	0.333333	0.0	10.245809	0.755643	0.0	0.0	0.0	0.0	0.0	10.245809	0.0	False	False	0.0	0.0	0.0	0.0	0.0	0.0	0.0	True	True	Multiseed Step 0 baseline registry; architecture remains locked pending future gate amendment.	outputs/autoresearch_total_autonomy_bioguard_wm_jepa/experiments/F013_multiseed_baseline_registry
F014	PostPhase8Council	Metric and data redesign	Diagnostic	0,1,2,3,4	synth_genetic_anchor_lite	synthetic_genetic_anchor_lite_multiseed_v1	benchmark_activation	F014_MULTISEED_V1_BENCHMARK_ACTIVATED_FOR_SEARCH	0.011281	0.451515	0.333333	0.0	0.0	0.0	0.0	0.0	0.0	0.0	0.0	0.0	0.0	False	False	0.0	0.0	0.0	0.0	0.003221	0.255644	0.0	True	True	Activated new named benchmark for search; old benchmark unchanged.	outputs/autoresearch_total_autonomy_bioguard_wm_jepa/experiments/F014_multiseed_benchmark_activation
BGWM003	PostF014MultiseedV1	action_adaln_rope_residual	Tier1MultiseedSanity	0,1,2,3,4	synth_genetic_anchor_lite	synthetic_genetic_anchor_lite_multiseed_v1	action_adaln_rope_residual_multiseed_v1	BGWM003_NO_IMPROVEMENT_ZERO_RESIDUAL_FLOOR_FALLBACK	0.011281	0.451515	0.333333	0.0	10.245809	0.755643	0.0	0.0	0.0	0.0	0.0	10.245809	0.0	False	False	0.0	0.0	0.0	0.0	0.0	0.0	0.0	True	True	Multiseed v1 action-AdaLN sanity candidate; no promotion unless nonzero residual passes.	outputs/autoresearch_total_autonomy_bioguard_wm_jepa/experiments/BGWM003_multiseed_v1_action_adaln_sanity
F015	PostPhase8Council	Metric and data redesign	Diagnostic	0,1,2,3,4	synthetic_genetic_anchor_lite_multiseed_v1	test_heldout_perturbation	multi_environment_transition_audit	F015_POOLED_ENVIRONMENT_TRANSITION_PASSES_GATES_BELOW_PER_SEED_FLOOR	0.014092	0.450511	0.222222	0.0	9.905101	0.630357	0.0	0.0	0.0	0.0	0.0	9.905101	0.0	False	False	0.002811	-0.111111	-0.001004	0.0	0.003221	0.255644	0.0	True	True	Multi-environment transition diagnostic; no model promotion.	outputs/autoresearch_total_autonomy_bioguard_wm_jepa/experiments/F015_multi_environment_transition_audit
F016	PostPhase8Council	Metric and data redesign	Diagnostic	0,1,2,3,4	synthetic_genetic_anchor_lite_multiseed_v1	test_heldout_perturbation	environment_blend_calibration	F016_TRAIN_ONLY_BLEND_SELECTS_FLOOR_FALLBACK	0.011281	0.451515	0.333333	0.0	10.245809	0.755643	0.0	0.0	0.0	0.0	0.0	10.245809	0.0	False	False	0.0	0.0	0.0	0.0	0.0	0.0	0.0	True	True	Train-only environment blend calibration diagnostic; no model promotion.	outputs/autoresearch_total_autonomy_bioguard_wm_jepa/experiments/F016_environment_blend_calibration
F017	PostPhase8Council	Metric and data redesign	Diagnostic	0,1,2,3,4	synthetic_genetic_anchor_lite_multiseed_v1	test_heldout_perturbation	environment_blend_oracle_capacity	F017_ORACLE_SAFE_ENVIRONMENT_BLEND_CAPACITY_EXISTS	0.021782	0.541207	0.385185	0.0	11.039965	0.689405	0.0	0.0	0.0	0.0	0.0	11.039965	0.0	False	False	0.010501	0.051852	0.089692	1.0	0.005408	0.037037	0.474074	True	True	Eval-oracle environment blend capacity diagnostic; no model promotion and no calibration rule selected.	outputs/autoresearch_total_autonomy_bioguard_wm_jepa/experiments/F017_environment_blend_oracle_capacity
F018	PostPhase8Council	Metric and data redesign	Diagnostic	0,1,2,3,4	synthetic_genetic_anchor_lite_multiseed_v1	test_heldout_perturbation	environment_blend_risk_proxy	F018_TRAIN_ONLY_RISK_PROXY_DISCARDED_HELDOUT_BELOW_FLOOR	0.014645	0.47144	0.333333	0.0	10.533205	0.698989	0.0	0.0	0.0	0.0	0.0	10.533205	0.0	False	False	0.003364	0.0	0.019924	0.35	-0.002623	-0.111111	0.8	True	True	Train-only environment blend risk proxy diagnostic; no model promotion.	outputs/autoresearch_total_autonomy_bioguard_wm_jepa/experiments/F018_environment_blend_risk_proxy
F019	PostPhase8Council	Metric and data redesign	Diagnostic	0,1,2,3,4	synthetic_genetic_anchor_lite_multiseed_v1	test_heldout_perturbation	risk_proxy_failure_localization	F019_NO_SIMPLE_SECOND_GATE_REPAIRS_F018_FAILURE	0.003364	0.019924	0.0	0.0	0.0	0.0	0.0	0.0	0.0	0.0	0.0	0.0	0.0	False	False	0.003364	0.0	0.019924	0.35	0.00169	-0.111111	0.22963	True	True	Eval-oracle failure localization for F018; no model promotion.	outputs/autoresearch_total_autonomy_bioguard_wm_jepa/experiments/F019_risk_proxy_failure_localization
F020	PostPhase8Council	Metric and data redesign	Diagnostic	0,1,2,3,4	synthetic_genetic_anchor_lite_multiseed_v1	test_heldout_perturbation	learned_environment_risk_gate	F020_OOF_LEARNED_RISK_SELECTS_FLOOR_FALLBACK	0.011281	0.451515	0.333333	0.0	10.245809	0.755643	0.0	0.0	0.0	0.0	0.0	10.245809	0.0	False	False	0.0	0.0	0.0	0.0	0.0	0.0	0.0	True	True	Train-only learned environment risk gate diagnostic; no model promotion.	outputs/autoresearch_total_autonomy_bioguard_wm_jepa/experiments/F020_learned_environment_risk_gate
F021	PostPhase8Council	Metric and data redesign	Diagnostic	0,1,2,3,4	synthetic_genetic_anchor_lite_multiseed_v1	test_heldout_perturbation	representation_pivot_requalification	F021_REOPEN_REPRESENTATION_REPAIR_UNDER_ACTIVE_MULTISEED_GATES	0.009311	0.440083	0.430886	0.0	10.085089	0.759373	0.0	0.0	0.0	0.0	0.0	10.085089	0.0	False	False	0.00609	0.175242	0.045695	0.0	0.003221	0.255644	0.0	True	True	Environment branch closure and representation-repair requalification; no model promotion.	outputs/autoresearch_total_autonomy_bioguard_wm_jepa/experiments/F021_representation_pivot_requalification
C016	PostPhase8Council	Representation repair	Diagnostic	0,1,2,3,4	synthetic_genetic_anchor_lite_multiseed_v1	test_heldout_perturbation	online_latent_transition_audit	C016_ONLINE_LATENT_REPRESENTATION_HAS_REPAIR_SIGNAL	0.007174	0.420718	0.362963	0.0	9.817766	0.732897	0.0	0.0	0.0	0.0	0.0	9.817766	0.0	False	False	-0.004107	0.02963	-0.030797	0.0	0.003221	0.255644	0.0	True	True	Online latent representation transition audit; no model promotion.	outputs/autoresearch_total_autonomy_bioguard_wm_jepa/experiments/C016_online_latent_transition_audit
F021_CellJEPA	PostPhase8Council	Representation repair	Diagnostic	0,1,2,3,4	synthetic_genetic_anchor_lite_multiseed_v1	test_heldout_perturbation	celljepa_rna_representation_warmstart	F021_CELLJEPA_WARMSTART_DISCARDED_NO_SAFE_REPRESENTATION_GAIN	2.5e-05	0.451487	0.22963	0.0	4.222626	0.796466	0.251852	0.355556	0.338889	0.0	0.069444	10.15237	10.594335	False	False	-0.011257	-0.103704	-2.8e-05	0.0	-0.021734	-0.185185	0.0	True	True	Cell-JEPA RNA representation warmstart diagnostic; no transition model promotion.	outputs/autoresearch_total_autonomy_bioguard_wm_jepa/experiments/F021_CellJEPA_RNA_Representation_Warmstart
F022	PostPhase8Council	Representation repair	Diagnostic	0,1,2,3,4	synthetic_genetic_anchor_lite_multiseed_v1	test_heldout_perturbation	rna_representation_ceiling_audit	F022_SYNTHETIC_Z_BIO_CEILING_DOES_NOT_SUPPORT_TRANSITION_SEARCH	-0.062897	-0.080804	0.22963	0.0	4.706053	0.547626	0.0	0.0	0.0	0.0	0.0	4.706053	10.245809	False	False	-0.074179	-0.103704	-0.532319	0.0	-0.085358	-0.148148	0.0	True	True	RNA representation ceiling audit; no model promotion.	outputs/autoresearch_total_autonomy_bioguard_wm_jepa/experiments/F022_rna_representation_ceiling_audit
F023	PostPhase8Council	Metric and data redesign	Diagnostic	0,1,2,3,4	synthetic_genetic_anchor_lite_multiseed_v1	test_heldout_perturbation	old_latent_action_contract_audit	F023_OLD_LATENT_ACTION_CONTRACT_AMBIGUOUS	0.011281	0.451515	0.333333	0.0	10.245809	0.755643	0.0	0.0	0.0	0.0	0.0	10.245809	0.0	False	False	0.001415	0.074074	0.02387	0.0	0.003291	0.051852	0.000713	True	True	Old latent action/source contract audit; no model promotion.	outputs/autoresearch_total_autonomy_bioguard_wm_jepa/experiments/F023_old_latent_action_contract_audit
F024	PostPhase8Council	Program and graph action priors	Diagnostic	0,1,2,3,4	synthetic_genetic_anchor_lite_multiseed_v1	test_heldout_perturbation	heldout_action_descriptor_support_audit	F024_HELDOUT_ACTION_DESCRIPTOR_SUPPORT_LIMITS_ACTION_GENERALIZATION	0.003291	0.0	0.0	0.0	0.0	0.0	0.0	0.0	0.0	0.0	0.0	0.0	0.0	False	False	0.001415	0.0	0.0	0.0	0.5	0.533333	0.003291	True	True	Heldout action descriptor support audit; no model promotion.	outputs/autoresearch_total_autonomy_bioguard_wm_jepa/experiments/F024_heldout_action_descriptor_support_audit
F025	PostPhase8Council	Program and graph action priors	Diagnostic	0,1,2,3,4	synthetic_genetic_anchor_lite_multiseed_v1	test_heldout_perturbation	program_only_action_descriptor_audit	F025_NON_EXACT_PROGRAM_ACTION_DESCRIPTOR_PRESERVES_OLD_FLOOR	0.011281	0.451515	0.333333	0.0	10.245809	0.755643	0.0	0.0	0.0	0.0	0.0	10.245809	0.0	False	False	0.0	0.0	0.0	0.0	0.001415	-0.007482	0.0	True	True	Program-only action descriptor audit; no model promotion.	outputs/autoresearch_total_autonomy_bioguard_wm_jepa/experiments/F025_program_only_action_descriptor_audit
F026	PostPhase8Council	Metric and data redesign	Step0	0,1,2,3,4	synth_program_aligned_genetic_lite	test_heldout_perturbation	descriptor_aligned_synthetic_benchmark_audit	F026_DESCRIPTOR_ALIGNED_BENCHMARK_APPROVES_STEP0_REDESIGN	0.155562	0.963185	1.0	0.0	3.537518	0.972879	0.0	0.0	0.0	0.0	0.0	3.537518	0.0	False	False	0.15234	0.744356	0.568797	0.0	0.125217	1.0	1.09101	True	True	Descriptor-aligned synthetic benchmark Step 0 diagnostic; no model promotion.	outputs/autoresearch_total_autonomy_bioguard_wm_jepa/experiments/F026_descriptor_aligned_synthetic_benchmark_audit
F027	PostPhase8Council	Representation repair	Step0	0,1,2,3,4	synth_program_aligned_genetic_lite	test_heldout_perturbation	celljepa_program_aligned_warmstart	F027_CELLJEPA_BELOW_PCA_FLOOR_USE_REPRESENTATION_REPAIR	7.1e-05	0.667374	0.466667	0.0	3.979006	0.938655	0.0	0.0	0.288889	0.0	0.0	8.534979	3.537518	False	False	-0.003151	0.211023	0.272986	0.0	3.3e-05	0.333333	-0.280723	True	True	Cell-JEPA RNA warmstart on descriptor-aligned benchmark; no transition model promotion.	outputs/autoresearch_total_autonomy_bioguard_wm_jepa/experiments/F027_celljepa_program_aligned_warmstart
F028	PostPhase8Council	Representation repair	Step0	0,1,2,3,4	synth_program_aligned_genetic_lite	test_heldout_perturbation	train_only_pca_distilled_rna_encoder	F028_PCA_DISTILLED_RNA_ENCODER_PRESERVES_PROGRAM_FLOOR	0.251776	0.927747	0.822222	0.0	4.978302	1.002091	0.0	0.0	0.2	0.0	0.0	4.59851	3.537518	False	False	0.248554	0.566578	0.533359	0.0	0.036334	0.518519	-0.029018	True	True	Train-only PCA-distilled RNA encoder diagnostic; no model promotion.	outputs/autoresearch_total_autonomy_bioguard_wm_jepa/experiments/F028_train_only_pca_distilled_rna_encoder
F029	PostPhase8Council	PCA-bootstrap real JEPA	Tier1	0,1,2	synth_program_aligned_genetic_lite	test_heldout_perturbation	pca_bootstrap_cross_modal_action_jepa	F029_REPRESENTATION_FLOOR_GOOD_DIRECT_JEPA_UNDER_FLOOR	0.066379	0.232022	0.716049	0.0	7.659602	1.126108	0.740741	0.82716	0.0	0.0	0.0	5.214244	0.821624	False	False	-0.024011	-0.037037	-0.589602	0.0	0.051938	0.592593	0.025565	True	True	PCA-bootstrap real cross-modal/action JEPA Tier 1 probe; no model promotion.	outputs/autoresearch_total_autonomy_bioguard_wm_jepa/experiments/F029_pca_bootstrap_cross_modal_action_jepa
F030	PostPhase8Council	Delta-direction real JEPA	Tier1	0,1,2	synth_program_aligned_genetic_lite	test_heldout_perturbation	delta_direction_cross_modal_action_jepa	F030_DELTA_DIRECTION_CROSS_MODAL_ACTION_JEPA_TIER1_PASS	0.244565	0.875045	0.839506	0.0	10.044609	0.773176	0.728395	0.814815	0.0	0.0	0.0	5.674884	0.916938	False	False	-0.013967	-0.012346	-0.041893	0.0	0.202028	0.666667	0.026288	True	True	Delta-direction real cross-modal/action JEPA Tier 1 probe; no model promotion.	outputs/autoresearch_total_autonomy_bioguard_wm_jepa/experiments/F030_delta_direction_cross_modal_action_jepa
F031	PostPhase8Council	Delta-direction real JEPA	Tier2	0,1,2,3,4	synth_program_aligned_genetic_lite	test_heldout_perturbation	delta_direction_tier2_validation	F031_PROTECTED_TIER2_PASS_LOCAL_RIDGE_FLOOR_NOT_PRESERVED	0.330428	0.846683	0.740741	0.0	10.463763	0.796158	0.711111	0.807407	0.0	0.0	0.0	6.52786	0.917306	False	False	-0.033068	-0.066667	-0.070622	0.0	-0.05858	-0.185185	0.044594	True	True	Tier 2 delta-direction JEPA validation; no model promotion.	outputs/autoresearch_total_autonomy_bioguard_wm_jepa/experiments/F031_delta_direction_tier2_validation
F032	PostPhase8Council	Floor-preserving real JEPA	Tier2Calibration	0,1,2,3,4	synth_program_aligned_genetic_lite	test_heldout_perturbation	floor_preserving_jepa_residual_calibration	F032_NONZERO_RESIDUAL_DISCARDED_HELDOUT_BELOW_LOCAL_FLOOR	0.336264	0.918891	0.874074	0.0	7.95694	0.960433	0.755556	0.82963	0.0	0.0	0.0	6.29963	0.912222	False	False	0.003209	0.014815	0.006669	0.19	-0.000221	-0.037037	0.046845	True	True	Train-only floor-preserving residual calibration; no model promotion.	outputs/autoresearch_total_autonomy_bioguard_wm_jepa/experiments/F032_floor_preserving_jepa_residual_calibration
F033	PostPhase8Council	Floor-preserving real JEPA	Tier2Calibration	0,1,2,3,4	synth_program_aligned_genetic_lite	test_heldout_perturbation	conservative_floor_gate	F033_CONSERVATIVE_GATE_ZERO_FALLBACK	0.333054	0.912222	0.859259	0.0	6.930649	1.017336	0.755556	0.82963	0.0	0.0	0.0	6.29963	0.912222	False	False	0.0	0.0	0.0	0.0	0.0	0.0	0.045688	True	True	Conservative train-only residual gate; no model promotion.	outputs/autoresearch_total_autonomy_bioguard_wm_jepa/experiments/F033_conservative_floor_gate
F034	PostPhase8Council	Operator-initialized real JEPA	Tier2Calibration	0,1,2,3,4	synth_program_aligned_genetic_lite	test_heldout_perturbation	operator_initialized_transition_head	F034_OPERATOR_INITIALIZED_RESIDUAL_DISCARDED_HELDOUT_BELOW_FLOOR	0.339932	0.940715	0.888889	0.0	9.463662	1.051175	0.755556	0.82963	0.0	0.0	0.0	6.29963	0.912222	False	False	0.006878	0.02963	0.028493	1.0	-0.002176	-0.037037	0.052256	True	True	Floor-initialized transition head with train-only residual calibration; no model promotion.	outputs/autoresearch_total_autonomy_bioguard_wm_jepa/experiments/F034_operator_initialized_transition_head
F035	PostPhase8Council	Operator-initialized real JEPA	Tier2Calibration	0,1,2,3,4	synth_program_aligned_genetic_lite	test_heldout_perturbation	inner_val_operator_gate	F035_INNER_VAL_GATE_STILL_HELDOUT_BELOW_FLOOR	0.340385	0.936656	0.851852	0.0	8.584521	1.032017	0.755556	0.82963	0.0	0.0	0.0	6.29963	0.912222	False	False	0.007331	-0.007407	0.024433	0.62	0.001891	-0.111111	0.051045	True	True	Inner train-validation calibrated floor-initialized transition head; no model promotion.	outputs/autoresearch_total_autonomy_bioguard_wm_jepa/experiments/F035_inner_val_operator_gate
F036	PostPhase8Council	Retrieval failure localization	Diagnostic	0,1,2,3,4	synth_program_aligned_genetic_lite	test_heldout_perturbation	retrieval_failure_localization	F036_RECALL_FAILURE_PRIMARILY_MARGIN_INSTABILITY	0.340385	0.936656	0.851852	1.0	8.584521	1.032017	0.0	0.0	0.0	0.0	0.0	8.584521	0.912222	False	False	0.007331	-0.007407	0.024433	0.62	0.001891	-0.111111	0.0	True	True	Diagnostic-only retrieval failure localization after F035; no model promotion.	outputs/autoresearch_total_autonomy_bioguard_wm_jepa/experiments/F036_retrieval_failure_localization
F037	PostPhase8Council	Retrieval-margin safe operator gate	Tier2Calibration	0,1,2,3,4	synth_program_aligned_genetic_lite	test_heldout_perturbation	retrieval_margin_gate	F037_RETRIEVAL_MARGIN_GATE_STILL_HELDOUT_BELOW_FLOOR	0.339319	0.934183	0.866667	1.0	8.26057	1.02903	0.0	0.0	0.0	0.0	0.0	8.26057	0.912222	False	False	0.006265	0.007407	0.02196	0.5	0.0	-0.037037	0.0	True	True	Train-only retrieval-margin calibrated floor-initialized transition head; no model promotion.	outputs/autoresearch_total_autonomy_bioguard_wm_jepa/experiments/F037_retrieval_margin_gate
F038	PostPhase8Council	Retrieval-margin safe operator gate	OracleDiagnostic	0,1,2,3,4	synth_program_aligned_genetic_lite	test_heldout_perturbation	oracle_safe_scale_capacity	F038_ORACLE_SAFE_NONZERO_SCALE_CAPACITY_EXISTS	0.337678	0.925871	0.859259	1.0	8.150272	1.02471	0.0	0.0	0.0	0.0	0.0	8.150272	0.912222	False	False	0.004624	0.0	0.013649	0.41	0.001979	0.0	0.0	True	True	Held-out oracle safe-scale capacity diagnostic only; no model promotion.	outputs/autoresearch_total_autonomy_bioguard_wm_jepa/experiments/F038_oracle_safe_scale_capacity
F039	PostPhase8Council	Train-only safe-scale proxy	Tier2Calibration	0,1,2,3,4	synth_program_aligned_genetic_lite	test_heldout_perturbation	train_proxy_safe_scale	F039_TRAIN_PROXY_ZERO_FALLBACK	0.333054	0.912222	0.859259	1.0	6.930649	1.017336	0.0	0.0	0.0	0.0	0.0	6.930649	0.912222	False	False	0.0	0.0	0.0	0.0	0.0	0.0	0.0	True	True	Train-only proxy for oracle safe residual scale; no model promotion.	outputs/autoresearch_total_autonomy_bioguard_wm_jepa/experiments/F039_train_proxy_safe_scale
F040	PostPhase8Council	Retrieval-aware transition operator	Tier2Calibration	0,1,2,3,4	synth_program_aligned_genetic_lite	test_heldout_perturbation	retrieval_aware_transition_head	F040_RETRIEVAL_AWARE_ZERO_FALLBACK	0.333054	0.912222	0.859259	1.0	6.930649	1.017336	0.0	0.0	0.0	0.0	0.0	6.930649	0.912222	False	False	0.0	0.0	0.0	0.0	0.0	0.0	0.0	True	True	Retrieval-aware floor-initialized transition head with train-only scale selection; no model promotion.	outputs/autoresearch_total_autonomy_bioguard_wm_jepa/experiments/F040_retrieval_aware_transition_head
F041	PostPhase8Council	Constraint ablation	Diagnostic	0,1,2,3,4	synth_program_aligned_genetic_lite	test_heldout_perturbation	constraint_ablation	F041_SIMPLE_TRAIN_PROXY_ABLATION_RECOVERS_SAFE_NONZERO_DIAGNOSTIC	0.334165	0.91518	0.859259	1.0	0.0	0.0	0.0	0.0	0.0	0.0	0.0	0.0	0.0	False	False	0.001111	0.0	0.002958	0.05	0.0005	0.0	0.0	True	True	Diagnostic-only constraint ablation against F038 oracle grid; no model promotion.	outputs/autoresearch_total_autonomy_bioguard_wm_jepa/experiments/F041_constraint_ablation
F042	PostPhase8Council	Fresh-seed safe residual validation	DiagnosticValidation	5,6,7,8,9	synth_program_aligned_genetic_lite	test_heldout_perturbation	fresh_small_cap_validation	F042_FRESH_SMALL_CAP_VALIDATION_PASS_DIAGNOSTIC	0.463731	0.914724	0.807407	1.0	7.192395	1.098305	0.0	0.0	0.0	0.0	0.0	7.192395	0.912506	False	False	0.001529	0.0	0.002218	0.05	0.00067	0.0	0.0	True	True	Fresh-seed diagnostic validation of F041 tiny residual cap; no model promotion.	outputs/autoresearch_total_autonomy_bioguard_wm_jepa/experiments/F042_fresh_small_cap_validation
F043	PostPhase8Council	Action-AdaLN tiny-cap residual	Tier1	0,1,2,3,4	synthetic_genetic_anchor_lite_multiseed_v1	test_heldout_perturbation	action_adaln_small_cap	F043_ACTION_ADALN_SMALL_CAP_HELDOUT_BELOW_FLOOR	0.011263	0.451403	0.333333	0.0	10.245809	0.755937	0.0	0.0	0.0	0.0	0.0	10.245809	0.451515	False	False	-1.9e-05	0.0	-0.000112	0.01	-9.4e-05	0.0	0.0	True	True	Action-AdaLN + RoPE tiny-cap selected a nonzero seed but fell below the exact protected floor; no model promotion.	outputs/autoresearch_total_autonomy_bioguard_wm_jepa/experiments/F043_action_adaln_small_cap
F044	PostPhase8Council	Action-AdaLN tiny-cap residual	Diagnostic	0,1,2,3,4	synthetic_genetic_anchor_lite_multiseed_v1	test_heldout_perturbation	action_adaln_failure_audit	F044_ACTION_ADALN_FAILURE_LOCALIZED_TO_UNSTABLE_NO_ACTION_SIGNAL	0.011263	0.451403	0.333333	0.0	10.245809	0.755937	0.0	0.0	0.0	0.0	0.0	10.245809	0.451515	False	False	-1.9e-05	0.0	-0.000112	0.01	-9.4e-05	0.0	0.0	True	True	Diagnostic-only audit of Action-AdaLN tiny-cap failure; no model promotion.	outputs/autoresearch_total_autonomy_bioguard_wm_jepa/experiments/F044_action_adaln_failure_audit
F045	PostPhase8Council	Exact floor-initialized operator wrapper	Tier1	0,1,2,3,4	synthetic_genetic_anchor_lite_multiseed_v1	test_heldout_perturbation	active_operator_wrapper	F045_ACTIVE_OPERATOR_WRAPPER_HELDOUT_BELOW_FLOOR	0.01111	0.450492	0.333333	0.0	10.27625	0.758442	0.0	0.0	0.0	0.0	0.0	10.27625	0.451515	False	False	-0.000171	0.0	-0.001023	0.05	-0.000499	-0.037037	0.003289	True	True	Exact floor-initialized operator wrapper Tier 1 diagnostic on active multiseed latents; no model promotion.	outputs/autoresearch_total_autonomy_bioguard_wm_jepa/experiments/F045_active_operator_wrapper
F046	PostPhase8Council	Exact floor-initialized operator wrapper	Diagnostic	0,1,2,3,4	synthetic_genetic_anchor_lite_multiseed_v1	test_heldout_perturbation	operator_mismatch_audit	F046_OPERATOR_TRAIN_HELDOUT_MISMATCH_DOMINATES	0.01111	0.450492	0.333333	0.0	10.27625	0.758442	0.0	0.0	0.0	0.0	0.0	10.27625	0.451515	False	False	-0.000171	0.0	-0.001023	0.05	-0.000171	0.0	0.003289	True	True	Diagnostic-only audit of active operator wrapper train-heldout mismatch; no model promotion.	outputs/autoresearch_total_autonomy_bioguard_wm_jepa/experiments/F046_operator_mismatch_audit
F047	PostPhase8Council	Target/action geometry audit	Diagnostic	0,1,2,3,4	synthetic_genetic_anchor_lite_multiseed_v1	test_heldout_perturbation	target_geometry_audit	F047_HELDOUT_EXACT_ACTION_SUPPORT_GAP_CONFIRMED	0.011281	0.451515	0.333333	0.0	10.245809	0.755643	0.0	0.0	0.0	0.0	0.0	10.245809	0.739489	False	False	0.0	0.0	0.0	0.0	0.739489	0.0	0.5	True	True	Diagnostic-only target/action support audit after train-heldout residual mismatch; no model promotion.	outputs/autoresearch_total_autonomy_bioguard_wm_jepa/experiments/F047_target_geometry_audit
F048	PostPhase8Council	Non-exact action contract	Diagnostic	0,1,2,3,4	synthetic_genetic_anchor_lite_multiseed_v1	test_heldout_perturbation	non_exact_action_contract	F048_NON_EXACT_ACTION_OPERATOR_STILL_BELOW_FLOOR	0.002455	0.415296	0.362963	0.0	9.952241	0.897679	0.0	0.0	0.0	0.0	0.0	9.952241	0.414301	False	False	7.1e-05	0.007407	0.000995	0.05	-0.000151	0.0	0.0	True	True	Program-action-only floor-initialized operator diagnostic after F047 exact-action support gap; no model promotion.	outputs/autoresearch_total_autonomy_bioguard_wm_jepa/experiments/F048_non_exact_action_contract
F049	PostPhase8Council	Floor feature contract audit	Diagnostic	0,1,2,3,4	synthetic_genetic_anchor_lite_multiseed_v1	test_heldout_perturbation	floor_feature_contract	F049_FLOOR_FEATURE_CONTRACT_AMBIGUOUS	0.011281	0.451515	0.333333	0.0	10.245809	0.755643	0.0	0.0	0.0	0.0	0.0	10.245809	-0.0	False	False	0.0	0.0	0.0	0.0	0.0	0.337415	0.0	True	True	Diagnostic-only decomposition of protected full-ridge floor feature contributions; no model promotion.	outputs/autoresearch_total_autonomy_bioguard_wm_jepa/experiments/F049_floor_feature_contract
F050	PostPhase8Council	Source/action contract synthesis	DiagnosticSynthesis	0,1,2,3,4	synthetic_genetic_anchor_lite_multiseed_v1	test_heldout_perturbation	source_action_contract_synthesis	F050_PROTECTED_FLOOR_IS_COVARIATE_ADJUSTED_SOURCE_DOMINATED	0.011281	0.451515	0.333333	0.0	9.952241	0.897679	0.0	0.0	0.0	0.0	0.0	9.952241	0.337415	False	False	-0.008897	0.022222	-0.037215	0.0	0.000819	0.0	0.337415	True	True	Diagnostic synthesis of active source/action contract; no model promotion.	outputs/autoresearch_total_autonomy_bioguard_wm_jepa/experiments/F050_source_action_contract_synthesis
F051	PostPhase8Council	Descriptor-aligned action contract	DiagnosticValidation	10,11,12	synth_program_aligned_genetic_lite	test_heldout_perturbation	descriptor_aligned_replication	F051_DESCRIPTOR_ALIGNED_ACTION_CONTRACT_HELDOUT_BELOW_FLOOR	0.498365	0.898238	0.839506	1.0	7.318439	1.047146	0.0	0.0	0.0	0.0	0.0	7.318439	0.897937	False	False	-8e-06	-0.012346	0.000301	0.05	-0.000373	-0.037037	0.0	True	True	Fresh descriptor-aligned program-action JEPA diagnostic replication; no model promotion.	outputs/autoresearch_total_autonomy_bioguard_wm_jepa/experiments/F051_descriptor_aligned_replication
F052	PostPhase8Council	Descriptor-aligned action contract	Diagnostic	10,11,12	synth_program_aligned_genetic_lite	test_heldout_perturbation	descriptor_near_tie_audit	F052_DESCRIPTOR_FAILURE_IS_NEAR_TIE_RETRIEVAL_MARGIN	0.498365	0.898238	0.839506	1.0	7.318439	1.047146	0.0	0.0	0.0	0.0	0.0	7.318439	1.0	False	False	-8e-06	-0.012346	0.000301	0.05	-0.000373	-0.037037	1.0	True	True	Read-only F051 near-tie retrieval failure audit; no model promotion.	outputs/autoresearch_total_autonomy_bioguard_wm_jepa/experiments/F052_descriptor_near_tie_audit
F053	PostPhase8Council	Descriptor-aligned action contract	CalibrationDiagnostic	10,11,12	synth_program_aligned_genetic_lite	test_heldout_perturbation	descriptor_margin_gate	F053_DESCRIPTOR_MARGIN_GATE_ZERO_FALLBACK_INSUFFICIENT_TRAIN_DIAGNOSTICS	0.498373	0.897937	0.851852	1.0	7.036994	0.0	0.0	0.0	0.0	0.0	0.0	7.036994	0.0	False	False	0.0	0.0	0.0	0.0	0.0	0.0	0.0	True	True	Train-only descriptor margin gate with exact floor fallback; no model promotion.	outputs/autoresearch_total_autonomy_bioguard_wm_jepa/experiments/F053_descriptor_margin_gate
F054	PostPhase8Council	Descriptor-aligned action contract	DiagnosticValidation	13,14,15	synth_program_aligned_genetic_lite	test_heldout_perturbation	descriptor_margin_rerun	F054_DESCRIPTOR_MARGIN_RERUN_ZERO_FALLBACK	0.319013	0.887988	0.777778	1.0	7.143966	1.034591	0.0	0.0	0.0	0.0	0.0	7.143966	0.887988	False	False	0.0	0.0	0.0	0.0	0.0	0.0	0.0	True	True	Fresh-seed descriptor margin-gated JEPA diagnostic; no model promotion.	outputs/autoresearch_total_autonomy_bioguard_wm_jepa/experiments/F054_descriptor_margin_rerun
F055	PostPhase8Council	Descriptor-aligned action contract	DiagnosticValidation	16,17,18	synth_program_aligned_genetic_lite	test_heldout_perturbation	rowwise_abstention	F055_ROWWISE_ABSTENTION_SAFE_NONZERO_DIAGNOSTIC	0.371263	0.881331	0.864198	1.0	7.252116	1.076165	0.0	0.0	0.0	0.0	0.0	7.252116	0.879297	False	False	0.001195	0.0	0.002034	0.014815	0.00026	0.0	0.296296	True	True	Fresh train-only row-wise residual abstention diagnostic; no model promotion.	outputs/autoresearch_total_autonomy_bioguard_wm_jepa/experiments/F055_rowwise_abstention
F056	PostPhase8Council	Descriptor-aligned action contract	DiagnosticValidation	19,20,21	synth_program_aligned_genetic_lite	test_heldout_perturbation	rowwise_abstention_replication	F056_ROWWISE_ABSTENTION_REPLICATES_SAFE_NONZERO	0.378482	0.854031	0.864198	1.0	6.773368	1.104884	0.0	0.0	0.0	0.0	0.0	6.773368	0.852744	False	False	0.000626	0.0	0.001287	0.015432	0.000172	0.0	0.308642	True	True	Independent fresh-seed row-wise residual abstention replication; no model promotion.	outputs/autoresearch_total_autonomy_bioguard_wm_jepa/experiments/F056_rowwise_abstention_replication
F057	PostPhase8Council	Descriptor-aligned action contract	Synthesis	16,17,18,19,20,21	synth_program_aligned_genetic_lite	test_heldout_perturbation	rowwise_synthesis	F057_ROWWISE_ABSTENTION_READY_FOR_TIER2_DESIGN	0.374872	0.867681	0.864198	1.0	0.0	0.0	0.0	0.0	0.0	0.0	0.0	0.0	0.866021	False	False	0.00091	0.0	0.00166	0.015123	0.000172	0.0	0.302469	True	True	Read-only six-seed row-wise abstention synthesis; no model promotion.	outputs/autoresearch_total_autonomy_bioguard_wm_jepa/experiments/F057_rowwise_synthesis
F058	PostPhase8Council	Descriptor-aligned action contract	Tier2Validation	22,23,24,25,26,27	synth_program_aligned_genetic_lite	test_heldout_perturbation	rowwise_tier2	F058_ROWWISE_TIER2_SAFE_BUT_WEAK	0.246421	0.882806	0.851852	1.0	7.47017	0.996461	0.0	0.0	0.0	0.0	0.0	7.47017	0.881398	False	False	8.6e-05	0.0	0.001408	0.021759	-0.000499	0.0	0.462963	True	True	Promotion-ineligible Tier 2 validation of train-only row-wise abstention; no model promotion.	outputs/autoresearch_total_autonomy_bioguard_wm_jepa/experiments/F058_rowwise_tier2
F059	PostPhase8Council	Descriptor-aligned action contract	Diagnostic	16,17,18,19,20,21,22,23,24,25,26,27	synth_program_aligned_genetic_lite	test_heldout_perturbation	rowwise_transition_stability_audit	F059_TIER2_WEAKNESS_IS_TRANSITION_GENERALIZATION_NOISE	8.6e-05	0.001408	0.0	0.0	0.0	0.0	0.0	0.0	0.0	0.0	0.0	0.0	0.0	False	False	8.6e-05	0.0	0.001408	0.0	-0.000499	0.0	0.166667	True	True	Read-only F058 transition stability audit; no model promotion.	outputs/autoresearch_total_autonomy_bioguard_wm_jepa/experiments/F059_rowwise_stability_audit
F060	PostPhase8Council	Descriptor-aligned action contract	DiagnosticValidation	28,29,30	synth_program_aligned_genetic_lite	test_heldout_perturbation	floor_direction_projected_rowwise	F060_FLOOR_DIRECTION_PROJECTION_SAFE_BUT_WEAK	0.352199	0.88644	0.901235	1.0	6.722538	1.043725	0.0	0.0	0.0	0.0	0.0	6.722538	0.88644	False	False	2.2e-05	0.0	0.0	0.029444	-2e-05	0.0	0.888889	True	True	Floor-direction-projected row-wise residual diagnostic; no model promotion.	outputs/autoresearch_total_autonomy_bioguard_wm_jepa/experiments/F060_floor_direction_projection
F061	PostPhase8Council	Descriptor-aligned action contract	Diagnostic	22,23,24,25,26,27,28,29,30	synth_program_aligned_genetic_lite	test_heldout_perturbation	projection_collapse_audit	F061_PROJECTION_KILLS_DELTA_WITHOUT_STABILIZING_TRANSITION	2.2e-05	0.0	0.0	0.0	0.0	0.0	0.0	0.0	0.0	0.0	0.0	0.0	0.0	False	False	2.2e-05	0.0	0.0	0.0	-2e-05	0.0	2.0	True	True	Read-only projection-collapse audit; no model promotion.	outputs/autoresearch_total_autonomy_bioguard_wm_jepa/experiments/F061_projection_collapse_audit
F062	PostPhase8Council	Descriptor-aligned action contract	OracleDiagnostic	31,32,33	synth_program_aligned_genetic_lite	test_heldout_perturbation	oracle_residual_cone	F062_ORACLE_CONE_CAPACITY_EXISTS_ALL_SEEDS	0.466922	0.887362	0.790123	1.0	6.517415	0.984423	0.0	0.0	0.0	0.0	0.0	6.517415	0.886456	False	False	0.000323	0.0	0.000906	0.018519	0.000149	0.0	0.083333	True	True	Held-out oracle residual-cone capacity diagnostic only; no model promotion.	outputs/autoresearch_total_autonomy_bioguard_wm_jepa/experiments/F062_oracle_residual_cone
F063	PostPhase8Council	Descriptor-aligned action contract	DiagnosticValidation	34,35,36	synth_program_aligned_genetic_lite	test_heldout_perturbation	train_cone_selector	F063_TRAIN_CONE_SELECTOR_HELDOUT_BELOW_FLOOR	0.430926	0.883299	0.765432	1.0	6.482688	0.993785	0.0	0.0	0.0	0.0	0.0	6.482688	0.883381	False	False	-0.000882	0.0	-8.2e-05	0.022222	-0.003157	0.0	0.083333	True	True	Train-only residual-cone selector diagnostic; no model promotion.	outputs/autoresearch_total_autonomy_bioguard_wm_jepa/experiments/F063_train_cone_selector
F064	PostPhase8Council	Descriptor-aligned action contract	Diagnostic	34,35,36	synth_program_aligned_genetic_lite	test_heldout_perturbation	train_heldout_selector_audit	F064_TRAIN_SELECTOR_OVERFITS_CONTINUOUS_TRANSITION_GAINS	0.430926	0.883299	0.765432	1.0	6.482688	0.993785	0.0	0.0	0.0	0.0	0.0	6.482688	0.883381	False	False	-0.000882	0.0	-8.2e-05	0.022222	-0.003157	0.0	-0.71063	True	True	Read-only audit of F063 train-to-held-out selector mismatch; no model promotion.	outputs/autoresearch_total_autonomy_bioguard_wm_jepa/experiments/F064_train_heldout_selector_audit
F065	PostPhase8Council	Descriptor-aligned action contract	CalibrationDiagnostic	34,35,36	synth_program_aligned_genetic_lite	test_heldout_perturbation	action_heldout_calibration	F065_ACTION_HELDOUT_GATE_HELDOUT_BELOW_FLOOR	0.441476	0.882417	0.691358	1.0	6.310194	1.013579	0.0	0.0	0.0	0.0	0.0	6.310194	0.882501	False	False	-0.000873	0.0	-8.4e-05	0.020988	0.000645	0.0	1.0	True	True	Train-only leave-perturbation-out residual calibration gate; no model promotion.	outputs/autoresearch_total_autonomy_bioguard_wm_jepa/experiments/F065_action_heldout_calibration
F066	PostPhase8Council	Descriptor-aligned action contract	Diagnostic	34,35,36	synth_program_aligned_genetic_lite	test_heldout_perturbation	action_heldout_mismatch_audit	F066_TRAIN_ACTION_HELDOUT_STILL_OPTIMISTIC_FOR_REAL_HELDOUT	0.441476	0.882417	0.691358	1.0	6.310194	1.013579	0.0	0.0	0.0	0.0	0.0	6.310194	0.882501	False	False	-0.000873	0.0	-8.4e-05	0.020988	0.000645	0.0	-0.013426	True	True	Read-only audit of train action-heldout calibration mismatch; no model promotion.	outputs/autoresearch_total_autonomy_bioguard_wm_jepa/experiments/F066_action_heldout_mismatch_audit
F067	PostPhase8Council	Descriptor-aligned action contract	Synthesis	16-36	synth_program_aligned_genetic_lite	test_heldout_perturbation	residual_selector_closure	F067_CLOSE_RESIDUAL_SELECTOR_FAMILY_PIVOT_TO_DATA_CONTRACT	0.441476	0.882417	0.691358	1.0	6.310194	1.013579	0.0	0.0	0.0	0.0	0.0	6.310194	0.882501	False	False	-2e-05	0.0	0.0	0.0	-0.000882	0.0	2.0	True	True	Read-only residual-selector family closure; pivot to data-contract/benchmark redesign; no model promotion.	outputs/autoresearch_total_autonomy_bioguard_wm_jepa/experiments/F067_residual_selector_closure
F068	PostPhase8Council	Data-contract calibration	Diagnostic	34,35,36,37,38	synth_program_aligned_*_holdout_lite	test_heldout_perturbation	data_contract_calibration_redirect	F068_TRAIN_REAL_MISMATCH_PERSISTS_ACROSS_SPLIT_CONTRACTS	0.306173	0.916695	0.948148	0.0	0.0	0.0	0.0	0.0	0.0	0.0	0.0	0.0	0.0	False	False	-0.064983	0.040741	-0.062658	0.0	-0.064983	0.0	-0.038803	True	True	Read-only data-contract calibration diagnostic; no model promotion.	outputs/autoresearch_total_autonomy_bioguard_wm_jepa/experiments/F068_data_contract_calibration
F069	PostPhase8Council	Data-contract calibration	Diagnostic	34,35,36,37,38	synth_program_aligned_*_holdout_lite	test_heldout_perturbation	representation_noise_amplification_audit	F069_OBSERVED_RNA_REPRESENTATION_AMPLIFIES_CALIBRATION_MISMATCH	0.29576	0.913899	0.874074	0.0	0.0	0.0	0.0	0.0	0.0	0.0	0.0	0.0	0.0	False	False	0.041474	0.0	0.037552	0.0	0.016932	0.0	5.168045	True	True	Read-only representation noise amplification audit; no model promotion.	outputs/autoresearch_total_autonomy_bioguard_wm_jepa/experiments/F069_representation_noise_audit
F070	PostPhase8Council	Representation repair	Diagnostic	34,35,36,37,38	synth_program_aligned_*_holdout_lite	test_heldout_perturbation	denoised_representation_ceiling	F070_TRUE_ZBIO_ONLY_REDUCES_MISMATCH_RNA_OBSERVATION_LIMIT	0.305995	0.917881	0.91358	0.0	7.293701	0.0	0.0	0.0	0.367593	0.0	0.0	7.839207	5.574003	False	False	0.0	0.0	0.0	0.0	0.058406	0.0	0.088751	True	True	Train-only denoised representation ceiling diagnostic; no model promotion.	outputs/autoresearch_total_autonomy_bioguard_wm_jepa/experiments/F070_denoised_representation_ceiling
F071	PostPhase8Council	Representation repair	Diagnostic	34,35,36,37,38	synth_program_aligned_*_holdout_lite	test_heldout_perturbation	zbio_observability_audit	F071_CROSS_MODAL_ZBIO_RECOVERY_REDUCES_MISMATCH	0.17026	0.968616	1.0	0.0	3.566199	0.0	0.0	0.0	0.193519	0.0	0.0	5.50329	5.574003	False	False	0.041711	0.0	0.036201	0.0	0.016695	0.0	0.999207	True	True	Train-only synthetic z_bio observability audit; no model promotion.	outputs/autoresearch_total_autonomy_bioguard_wm_jepa/experiments/F071_zbio_observability_audit
F072	PostPhase8Council	Representation repair	Diagnostic	34,35,36,37,38	synth_program_aligned_*_holdout_lite	test_heldout_perturbation	image_latent_ceiling_audit	F072_IMAGE_LATENT_NONORACLE_REDUCES_MISMATCH	0.279233	0.89557	0.938272	0.0	5.512997	0.0	0.0	0.0	0.387963	0.0	0.0	8.047063	5.574003	False	False	0.001502	0.0	0.043395	0.0	0.056904	0.0	0.022054	True	True	Non-oracle image-latent ceiling audit; no model promotion.	outputs/autoresearch_total_autonomy_bioguard_wm_jepa/experiments/F072_image_latent_ceiling_audit
F073	PostPhase8Council	Representation repair	Tier1Diagnostic	34,35,36	synth_program_aligned_*_holdout_lite	test_heldout_perturbation	image_teacher_rna_student_jepa	F073_RNA_STUDENT_IMAGE_TEACHER_WEAK_OR_UNSTABLE	0.120313	0.742126	0.666667	0.0	4.611544	0.0	0.0	0.0	0.268519	0.0	0.0	4.608701	6.944036	False	False	0.019583	0.0	0.009357	0.0	0.049725	0.0	0.702079	True	True	Tiny image-teacher RNA-student JEPA-style representation repair; no model promotion.	outputs/autoresearch_total_autonomy_bioguard_wm_jepa/experiments/F073_image_teacher_rna_student_jepa
F074	PostPhase8Council	Representation repair	Diagnostic	34,35,36	synth_program_aligned_*_holdout_lite	test_heldout_perturbation	image_teacher_failure_localization	F074_FAILURE_IS_PERTURBATION_STRUCTURE_LOSS	-0.115858	-0.22307	-0.333333	0.0	0.0	0.0	0.0	0.0	-0.040123	0.0	0.0	0.0	0.0	False	False	-0.229344	-0.209877	-0.177244	0.0	0.0	0.0	0.702079	True	True	Read-only F073 failure localization; no model promotion.	outputs/autoresearch_total_autonomy_bioguard_wm_jepa/experiments/F074_image_teacher_failure_localization
F075	PostPhase8Council	Representation repair	Tier1Diagnostic	34,35,36	synth_program_aligned_*_holdout_lite	test_heldout_perturbation	relational_image_teacher_rna_student	F075_RELATIONAL_IMAGE_TEACHER_STILL_LOSES_STRUCTURE	0.11534	0.744204	0.711934	0.0	5.138565	0.0	0.0	0.0	0.259259	0.0	0.0	5.415772	6.944036	False	False	0.02184	0.045267	0.00738	0.0	0.047468	0.0	0.696163	True	True	Pairwise relational image-teacher RNA-student JEPA-style representation repair; no model promotion.	outputs/autoresearch_total_autonomy_bioguard_wm_jepa/experiments/F075_relational_image_teacher_rna_student
F076	PostPhase8Council	Representation repair	Tier1Diagnostic	34,35,36	synth_program_aligned_*_holdout_lite	test_heldout_perturbation	condition_centroid_image_teacher	F076_CONDITION_CENTROID_TEACHER_STILL_LOSES_STRUCTURE	0.113612	0.740395	0.683128	0.0	4.780551	0.0	0.0	0.0	0.262346	0.0	0.0	4.968371	6.944036	False	False	0.021495	-0.028807	0.009387	0.0	0.047813	0.0	0.701861	True	True	Condition-centroid image-teacher RNA-student JEPA-style representation repair; no model promotion.	outputs/autoresearch_total_autonomy_bioguard_wm_jepa/experiments/F076_condition_centroid_image_teacher
F077	PostPhase8Council	Representation repair	Tier1Diagnostic	34,35,36	synth_program_aligned_*_holdout_lite	test_heldout_perturbation	source_program_image_teacher	F077_SOURCE_PROGRAM_ACTION_REPAIRS_STRUCTURE_BUT_WEAK	0.010118	0.886052	1.0	0.0	3.019964	0.0	0.0	0.0	0.287037	0.0	0.0	2.729585	6.944036	False	False	0.061201	0.316872	0.01705	0.0	0.008107	0.0	0.807781	True	True	Source-state plus coarse program-action image-teacher transition probe; no model promotion.	outputs/autoresearch_total_autonomy_bioguard_wm_jepa/experiments/F077_source_program_image_teacher
F078	PostPhase8Council	Representation repair	Diagnostic	34,35,36	synth_program_aligned_*_holdout_lite	test_heldout_perturbation	source_program_failure_localization	F078_SOURCE_PROGRAM_RECALL_WITH_LOW_TRANSITION_AND_ACTION_SIGNAL	-0.226053	-0.079145	0.0	0.0	-4.214452	0.0	0.0	0.0	0.0	0.0	0.0	2.729585	0.0	False	False	-0.33954	0.123457	-0.033318	0.0	0.0	0.0	0.807781	True	True	Read-only source-program failure localization; no model promotion.	outputs/autoresearch_total_autonomy_bioguard_wm_jepa/experiments/F078_source_program_failure_localization
F079	PostPhase8Council	Representation repair	Tier1Diagnostic	34,35,36	synth_program_aligned_*_holdout_lite	test_heldout_perturbation	source_delta_rank_repair	F079_SOURCE_DELTA_RANK_REPAIR_READY_FOR_WRAPPER	0.137543	0.991421	1.0	0.0	3.099165	0.0	0.0	0.0	0.291667	0.0	0.0	6.625698	6.944036	False	False	0.127425	0.0	0.105369	0.0	0.025468	0.0	0.929404	True	True	Source-program branch with explicit source/delta/rank losses; no model promotion.	outputs/autoresearch_total_autonomy_bioguard_wm_jepa/experiments/F079_source_delta_rank_repair
F080	PostPhase8Council	Representation repair	Tier1Diagnostic	34,35,36	synth_program_aligned_*_holdout_lite	test_heldout_perturbation	source_delta_rank_jepa_wrapper	F080_FULL_JEPA_WRAPPER_MIXED_OR_INCONCLUSIVE	0.209087	0.782088	1.0	0.0	8.264212	1.462986	0.526749	0.794239	0.0	0.0	0.0	9.496684	6.944036	False	False	0.071544	0.0	-0.209333	0.0	0.957209	0.76217	0.043962	True	True	Full real source/action/cross-modal JEPA wrapper around F079 source-delta-rank repair; no model promotion.	outputs/autoresearch_total_autonomy_bioguard_wm_jepa/experiments/F080_source_delta_rank_jepa_wrapper
F081	PostPhase8Council	Representation repair	Tier1Diagnostic	34,35,36	synth_program_aligned_*_holdout_lite	test_heldout_perturbation	delta_calibrated_jepa_wrapper	F081_DELTA_CALIBRATED_JEPA_TIER1_PASS_NONPROMOTING	0.229551	0.953869	1.0	0.0	6.784274	1.005431	0.683128	0.769547	0.0	0.0	0.0	9.704301	6.944036	False	False	0.019395	0.0	0.183962	0.0	0.262485	0.988572	0.049171	True	True	Train-only delta-calibrated full JEPA wrapper; no model promotion.	outputs/autoresearch_total_autonomy_bioguard_wm_jepa/experiments/F081_delta_calibrated_jepa_wrapper
F082	PostPhase8Council	Representation repair	Tier2Validation	37,38,39,40,41,42	synth_program_aligned_*_holdout_lite	test_heldout_perturbation	delta_calibrated_tier2_validation	F082_DELTA_CALIBRATED_TIER2_READY_FOR_TIER3_DESIGN	0.207816	0.934403	1.0	0.0	7.023948	1.009602	0.771605	0.878601	0.0	0.0	0.0	0.0	0.0	False	False	0.019425	1.0	0.197818	0.0	0.124914	0.904737	0.04934	True	True	Fresh-seed non-promoting Tier 2-style validation of F081 delta-calibrated JEPA.	outputs/autoresearch_total_autonomy_bioguard_wm_jepa/experiments/F082_delta_calibrated_tier2_validation
F083	PostPhase8Council	Tier3 design	Tier3Preflight	37,38,39,40,41,42	synth_program_aligned_*_holdout_lite	test_heldout_perturbation	tier3_preflight	F083_TIER3_PREFLIGHT_BLOCKED_BY_RANK_AND_VALIDATOR_GAPS	0.207816	0.934403	1.0	0.0	7.023948	1.009602	0.771605	0.878601	0.0	0.0	0.0	7.023948	10.2835	True	False	0.202116	0.5185	0.536403	0.0	0.124914	0.904737	0.04934	True	True	Tier 3 preflight only; no model promotion.	outputs/autoresearch_total_autonomy_bioguard_wm_jepa/experiments/F083_tier3_preflight
F084	PostPhase8Council	Tier3 design	Diagnostic	37,38,39,40,41,42	synth_program_aligned_*_holdout_lite	test_heldout_perturbation	rank_floor_comparability	F084_LOCKED_RANK_FLOOR_EXCEEDS_IMAGE_TEACHER_CEILING	0.207816	0.934403	1.0	0.0	7.023948	0.0	0.771605	0.878601	0.0	0.0	0.0	7.266691	10.2835	False	False	0.0	0.0	-3.259552	0.0	6.595169	6.892214	0.0	True	True	Read-only rank-floor comparability audit; no model promotion.	outputs/autoresearch_total_autonomy_bioguard_wm_jepa/experiments/F084_rank_floor_comparability
F085	PostPhase8Council	Tier3 design	Diagnostic	37,38,39,40,41,42	synth_program_aligned_*_holdout_lite	test_heldout_perturbation	current_latent_floor_registry	F085_CURRENT_LATENT_FLOOR_REGISTRY_SUPPORTS_TIER3_WITH_UPDATED_RANK_GATE	0.207816	0.934403	1.0	0.0	7.023948	0.0	0.0	0.0	0.0	0.0	0.0	7.599185	10.2835	False	False	-0.008224	0.0	-0.013539	0.0	0.209255	0.937581	0.0	True	True	Current image-teacher latent floor registry; no model promotion.	outputs/autoresearch_total_autonomy_bioguard_wm_jepa/experiments/F085_current_latent_floor_registry
F086	PostPhase8Council	Tier3 design	Tier3Preflight	37,38,39,40,41,42	synth_program_aligned_*_holdout_lite	test_heldout_perturbation	current_registry_tier3_design	F086_CURRENT_REGISTRY_TIER3_READY_EXTERNAL_INGEST_NEEDED	0.207816	0.934403	1.0	0.0	7.023948	0.0	0.771605	0.878601	0.0	0.0	0.0	7.599185	0.209255	False	False	-0.008224	0.0	-0.013539	0.0	0.209255	0.937581	0.0	True	True	Current-registry Tier 3 design and validator preflight; no model promotion.	outputs/autoresearch_total_autonomy_bioguard_wm_jepa/experiments/F086_current_registry_tier3_design
F087	PostPhase8Council	External validator	AdapterPreflight		scGeneScope	heldout_experiment_pending_manifest	scgenescope_adapter_preflight	F087_SCGENESCOPE_ADAPTER_CONTRACT_READY_DATA_NOT_LOCAL	0.0	0.0	0.0	0.0	0.0	0.0	0.0	0.0	0.0	0.0	0.0	0.0	0.0	False	False	0.0	0.0	0.0	0.0	0.0	0.0	0.0	True	True	Metadata-only scGeneScope adapter preflight; no dataset downloaded and no model promotion.	outputs/autoresearch_total_autonomy_bioguard_wm_jepa/experiments/F087_scgenescope_adapter_preflight
F088	PostPhase8Council	External validator	RemoteMetadataDiscovery		scGeneScope	heldout_experiment_pending_manifest	scgenescope_remote_discovery	F088_SCGENESCOPE_REMOTE_FEATURES_FOUND_BUT_TOO_LARGE_FOR_LOW_COMPUTE	0.0	0.0	0.0	0.0	0.0	0.0	0.0	0.0	0.0	0.0	0.0	0.0	0.0	False	False	0.0	0.0	0.0	0.0	0.0	0.0	0.0	True	True	Remote scGeneScope file-tree discovery only; no payload download and no model promotion.	outputs/autoresearch_total_autonomy_bioguard_wm_jepa/experiments/F088_scgenescope_remote_discovery
F089	PostPhase8Council	External validator	SupplementMetadataHarvest		scGeneScope	heldout_experiment_pending_manifest	scgenescope_supplement_harvest	F089_SCGENESCOPE_SUPPLEMENT_METADATA_RECOVERED_ADAPTER_UPDATED	0.0	0.0	0.0	0.0	0.0	0.0	0.0	0.0	0.0	0.0	0.0	0.0	0.0	False	False	0.0	0.0	0.0	0.0	0.0	0.0	0.0	True	True	Official scGeneScope supplemental metadata harvest; no dataset payload download and no model promotion.	outputs/autoresearch_total_autonomy_bioguard_wm_jepa/experiments/F089_scgenescope_supplement_harvest
F090	PostPhase8Council	External validator	CroissantContractValidation		scGeneScope	replicate_heldout_contract	scgenescope_croissant_contract	F090_SCGENESCOPE_CROISSANT_CONTRACT_VALIDATED_READY_FOR_FEATURE_SIZE_GATE	0.0	0.0	0.0	0.0	0.0	0.0	0.0	0.0	0.0	0.0	0.0	0.0	0.0	False	False	0.0	0.0	0.0	0.0	0.0	0.0	0.0	True	True	scGeneScope Croissant contract validation only; no dataset payload download and no model promotion.	outputs/autoresearch_total_autonomy_bioguard_wm_jepa/experiments/F090_scgenescope_croissant_contract
F091	PostPhase8Council	External validator	FeaturePreflight		scGeneScope	replicate_heldout_contract	scgenescope_feature_preflight	F091_SCGENESCOPE_FEATURE_PREFLIGHT_APPROVES_BACKED_OBS_ONLY_DRY_RUN	0.0	0.0	0.0	0.0	0.0	13.589665	0.0	0.0	0.0	0.0	0.0	0.0	0.0	False	False	0.0	0.0	0.0	0.0	0.0	0.0	0.0	True	True	scGeneScope feature-size/storage/RAM/backed-IO preflight only; no dataset payload download and no model promotion.	outputs/autoresearch_total_autonomy_bioguard_wm_jepa/experiments/F091_scgenescope_feature_preflight
F092	PostPhase8Council	External validator	ObsOnlyDryRun	NA	scGeneScope	replicate_heldout_contract	scgenescope_obs_only_dry_run	F092_SCGENESCOPE_OBS_ONLY_BACKED_DRY_RUN_PASS	0.000000	0.000000	0.000000	0.000000	0.000000	13.589665	0.000000	0.000000	0.000000	0.000000	0.000000	0.000000	0.000000	False	False	0.000000	0.000000	0.000000	0.000000	0.000000	0.000000	0.000000	True	True	scGeneScope obs-only backed dry run; no training, no fitting, and no model promotion.	outputs/autoresearch_total_autonomy_bioguard_wm_jepa/experiments/F092_scgenescope_obs_only_dry_run
F082_EXT	ExternalValidation	External validator	Tier3ExternalValidation	37,38,39	scGeneScope	alternate_test	f082_delta_calibrated_scgenescope	FAIL_EXTERNAL_NO_PROMOTION	0.507639	0.216546	0.127273	0.000000	16.141321	0.460790	0.048485	0.030303	0.000000	0.000000	0.000000	0.000000	0.000000	False	False	-0.024421	0.036364	-0.092407	0.000000	0.000000	0.000000	0.000000	True	True	F082 scGeneScope external validation; no promotion; protected PLS floor remains model of record.	outputs/autoresearch_total_autonomy_bioguard_wm_jepa/external_validation_f082_scgenescope
F082_EXT	ExternalValidation	External validator	Tier3ExternalValidation	37,38,39	scGeneScope	test	f082_delta_calibrated_scgenescope	FAIL_EXTERNAL_NO_PROMOTION	0.648238	0.353785	0.404762	0.000000	16.222183	0.608582	0.107143	0.095238	0.000000	0.000000	0.000000	0.000000	0.000000	False	False	0.035921	0.190476	-0.042797	0.000000	0.000000	0.000000	0.000000	True	True	F082 scGeneScope external validation; no promotion; protected PLS floor remains model of record.	outputs/autoresearch_total_autonomy_bioguard_wm_jepa/external_validation_f082_scgenescope
F082_EXT	ExternalValidation	External validator	Tier3ExternalValidation	37,38,39	scGeneScope	validation	f082_delta_calibrated_scgenescope	FAIL_EXTERNAL_NO_PROMOTION	0.377733	0.279499	0.283951	0.000000	16.937476	0.679988	0.111111	0.086420	0.000000	0.000000	0.000000	0.000000	0.000000	False	False	0.056966	0.135802	-0.016252	0.000000	0.000000	0.000000	0.000000	True	True	F082 scGeneScope external validation; no promotion; protected PLS floor remains model of record.	outputs/autoresearch_total_autonomy_bioguard_wm_jepa/external_validation_f082_scgenescope
F093	ExternalValidation	External validator	Diagnostic	NA	scGeneScope	external_artifact_audit	f082_scgenescope_failure_audit	F093_CALIBRATION_AND_DESCRIPTOR_REPAIR_REQUIRED	0.000000	0.000000	0.000000	0.000000	0.000000	0.000000	0.000000	0.000000	0.000000	0.000000	0.000000	0.000000	0.000000	False	False	0.000000	0.000000	0.000000	0.000000	0.000000	0.000000	0.000000	True	True	Artifact-only F082 scGeneScope failure audit; no raw H5AD opened and no promotion.	outputs/autoresearch_total_autonomy_bioguard_wm_jepa/experiments/F093_f082_scgenescope_failure_audit
F094	ExternalValidation	External validator	Tier3ExternalValidation	37,38,39	scGeneScope	alternate_test	split_safe_jepa_calibration_gate	FAIL_EXTERNAL_NO_PROMOTION	0.440256	0.338808	0.115152	0.000000	14.995200	0.258924	0.054545	0.030303	0.000000	0.000000	0.000000	0.000000	0.000000	False	False	-0.090531	-0.012121	0.026219	0.000000	0.000000	0.000000	0.000000	True	True	F094 split-safe JEPA gate ran on CUDA; gate selected raw output; no promotion.	outputs/autoresearch_total_autonomy_bioguard_wm_jepa/experiments/F094_split_safe_jepa_calibration_gate
F094	ExternalValidation	External validator	Tier3ExternalValidation	37,38,39	scGeneScope	test	split_safe_jepa_calibration_gate	FAIL_EXTERNAL_NO_PROMOTION	0.573212	0.458449	0.321429	0.000000	15.043895	0.351148	0.130952	0.119048	0.000000	0.000000	0.000000	0.000000	0.000000	False	False	-0.029148	0.071429	0.069711	0.000000	0.000000	0.000000	0.000000	True	True	F094 split-safe JEPA gate ran on CUDA; gate selected raw output; no promotion.	outputs/autoresearch_total_autonomy_bioguard_wm_jepa/experiments/F094_split_safe_jepa_calibration_gate
F094	ExternalValidation	External validator	Tier3ExternalValidation	37,38,39	scGeneScope	validation	split_safe_jepa_calibration_gate	FAIL_EXTERNAL_NO_PROMOTION	0.324853	0.350708	0.283951	0.000000	14.854523	0.407342	0.111111	0.074074	0.000000	0.000000	0.000000	0.000000	0.000000	False	False	0.012280	0.135802	0.056553	0.000000	0.000000	0.000000	0.000000	True	True	F094 split-safe JEPA gate ran on CUDA; gate selected raw output; no promotion.	outputs/autoresearch_total_autonomy_bioguard_wm_jepa/experiments/F094_split_safe_jepa_calibration_gate
F095	ExternalValidation	External validator	Tier3ExternalValidation	37,38,39	scGeneScope	alternate_test	pubchem_fingerprint_split_safe_gate	FAIL_EXTERNAL_NO_PROMOTION	0.494546	0.203499	0.121212	0.000000	17.844040	0.378932	0.036364	0.036364	0.000000	0.000000	0.000000	0.000000	0.000000	False	False	0.000577	-0.006061	0.019918	0.000000	0.000000	0.000000	0.000000	True	True	F095 fingerprint descriptor gate ran on CUDA; official gate failed alternate recall by a small margin; no promotion.	outputs/autoresearch_total_autonomy_bioguard_wm_jepa/experiments/F095_pubchem_fingerprint_descriptor_gate
F095	ExternalValidation	External validator	Tier3ExternalValidation	37,38,39	scGeneScope	test	pubchem_fingerprint_split_safe_gate	FAIL_EXTERNAL_NO_PROMOTION	0.650817	0.351871	0.428571	0.000000	17.888243	0.506482	0.178571	0.119048	0.000000	0.000000	0.000000	0.000000	0.000000	False	False	0.005121	0.000000	0.022421	0.000000	0.000000	0.000000	0.000000	True	True	F095 fingerprint descriptor gate ran on CUDA; official gate failed alternate recall by a small margin; no promotion.	outputs/autoresearch_total_autonomy_bioguard_wm_jepa/experiments/F095_pubchem_fingerprint_descriptor_gate
F095	ExternalValidation	External validator	Tier3ExternalValidation	37,38,39	scGeneScope	validation	pubchem_fingerprint_split_safe_gate	FAIL_EXTERNAL_NO_PROMOTION	0.415889	0.298418	0.382716	0.000000	17.314340	0.579410	0.123457	0.111111	0.000000	0.000000	0.000000	0.000000	0.000000	False	False	0.016640	0.012346	0.023397	0.000000	0.000000	0.000000	0.000000	True	True	F095 fingerprint descriptor gate ran on CUDA; official gate failed alternate recall by a small margin; no promotion.	outputs/autoresearch_total_autonomy_bioguard_wm_jepa/experiments/F095_pubchem_fingerprint_descriptor_gate
F096	ExternalValidation	External validator	Tier3ExternalValidation	37,38,39	scGeneScope	alternate_test	frozen_pubchem_fingerprint_delta_calibrated	PASS_EXTERNAL_TIER3_NON_PROMOTING	0.494588	0.185750	0.127273	0.000000	17.006531	0.469524	0.036364	0.036364	0.000000	0.000000	0.000000	0.000000	0.000000	False	False	0.000619	0.000000	0.002169	0.000000	0.000000	0.000000	0.000000	True	True	F096 frozen fingerprint-calibrated candidate ran on CUDA and cleared all floor gaps; no promotion from repair-loop validation.	outputs/autoresearch_total_autonomy_bioguard_wm_jepa/experiments/F096_frozen_fingerprint_calibrated_candidate
F096	ExternalValidation	External validator	Tier3ExternalValidation	37,38,39	scGeneScope	test	frozen_pubchem_fingerprint_delta_calibrated	PASS_EXTERNAL_TIER3_NON_PROMOTING	0.646406	0.331194	0.428571	0.000000	17.089364	0.616852	0.178571	0.119048	0.000000	0.000000	0.000000	0.000000	0.000000	False	False	0.000709	0.000000	0.001743	0.000000	0.000000	0.000000	0.000000	True	True	F096 frozen fingerprint-calibrated candidate ran on CUDA and cleared all floor gaps; no promotion from repair-loop validation.	outputs/autoresearch_total_autonomy_bioguard_wm_jepa/experiments/F096_frozen_fingerprint_calibrated_candidate
F096	ExternalValidation	External validator	Tier3ExternalValidation	37,38,39	scGeneScope	validation	frozen_pubchem_fingerprint_delta_calibrated	PASS_EXTERNAL_TIER3_NON_PROMOTING	0.400167	0.277198	0.370370	0.000000	17.348708	0.688200	0.123457	0.111111	0.000000	0.000000	0.000000	0.000000	0.000000	False	False	0.000918	0.000000	0.002177	0.000000	0.000000	0.000000	0.000000	True	True	F096 frozen fingerprint-calibrated candidate ran on CUDA and cleared all floor gaps; no promotion from repair-loop validation.	outputs/autoresearch_total_autonomy_bioguard_wm_jepa/experiments/F096_frozen_fingerprint_calibrated_candidate
F097	ExternalValidation	External validator	FreshExternalConfirmation	37,38,39	cpg0003_rosetta_CDRPBIO	alternate_test	compound_holdout_smiles_delta_calibrated	FAIL_FRESH_EXTERNAL_CONFIRMATION_NO_PROMOTION	-0.585391	0.145842	0.011038	0.000000	1.275047	3.013934	0.008830	0.004415	0.000000	0.000000	0.000000	0.000000	0.000000	False	False	0.140827	-0.002208	0.060844	0.000000	0.000000	0.000000	0.000000	True	True	F097 cpg0003 Rosetta compound-holdout ran on CUDA; failed fresh confirmation; no promotion.	outputs/autoresearch_total_autonomy_bioguard_wm_jepa/experiments/F097_cpg0003_rosetta_external_confirmation
F097	ExternalValidation	External validator	FreshExternalConfirmation	37,38,39	cpg0003_rosetta_CDRPBIO	test	compound_holdout_smiles_delta_calibrated	FAIL_FRESH_EXTERNAL_CONFIRMATION_NO_PROMOTION	-0.552197	0.232156	0.011820	0.000000	1.193691	3.263857	0.007092	0.007092	0.000000	0.000000	0.000000	0.000000	0.000000	False	False	0.272087	-0.002364	0.206817	0.000000	0.000000	0.000000	0.000000	True	True	F097 cpg0003 Rosetta compound-holdout ran on CUDA; failed fresh confirmation; no promotion.	outputs/autoresearch_total_autonomy_bioguard_wm_jepa/experiments/F097_cpg0003_rosetta_external_confirmation
F097	ExternalValidation	External validator	FreshExternalConfirmation	37,38,39	cpg0003_rosetta_CDRPBIO	validation	compound_holdout_smiles_delta_calibrated	FAIL_FRESH_EXTERNAL_CONFIRMATION_NO_PROMOTION	-0.573706	0.205394	0.008439	0.000000	1.240063	2.506858	0.006329	0.010549	0.000000	0.000000	0.000000	0.000000	0.000000	False	False	0.288030	0.008439	0.203368	0.000000	0.000000	0.000000	0.000000	True	True	F097 cpg0003 Rosetta compound-holdout ran on CUDA; failed fresh confirmation; no promotion.	outputs/autoresearch_total_autonomy_bioguard_wm_jepa/experiments/F097_cpg0003_rosetta_external_confirmation
F098	ExternalValidation	External validator	FreshExternalConfirmation	37,38,39	cpg0003_rosetta_CDRPBIO	alternate_test	same_condition_replicate_smiles_delta_calibrated	FAIL_FRESH_EXTERNAL_CONFIRMATION_NO_PROMOTION	-0.639843	0.241802	0.002584	0.000000	1.327721	2.355861	0.001723	0.002584	0.000000	0.000000	0.000000	0.000000	0.000000	False	False	0.174012	0.000000	0.142072	0.000000	0.000000	0.000000	0.000000	True	True	F098 cpg0003 Rosetta same-condition replicate-holdout ran on CUDA; negative absolute transition and test recall floor miss; no promotion.	outputs/autoresearch_total_autonomy_bioguard_wm_jepa/experiments/F098_cpg0003_rosetta_replicate_holdout
F098	ExternalValidation	External validator	FreshExternalConfirmation	37,38,39	cpg0003_rosetta_CDRPBIO	test	same_condition_replicate_smiles_delta_calibrated	FAIL_FRESH_EXTERNAL_CONFIRMATION_NO_PROMOTION	-0.678548	0.201629	0.000813	0.000000	1.307107	2.377424	0.001626	0.002439	0.000000	0.000000	0.000000	0.000000	0.000000	False	False	0.137905	-0.001626	0.099374	0.000000	0.000000	0.000000	0.000000	True	True	F098 cpg0003 Rosetta same-condition replicate-holdout ran on CUDA; negative absolute transition and test recall floor miss; no promotion.	outputs/autoresearch_total_autonomy_bioguard_wm_jepa/experiments/F098_cpg0003_rosetta_replicate_holdout
F098	ExternalValidation	External validator	FreshExternalConfirmation	37,38,39	cpg0003_rosetta_CDRPBIO	validation	same_condition_replicate_smiles_delta_calibrated	FAIL_FRESH_EXTERNAL_CONFIRMATION_NO_PROMOTION	-0.611366	0.261971	0.003500	0.000000	1.287298	2.448368	0.001750	0.004374	0.000000	0.000000	0.000000	0.000000	0.000000	False	False	0.232051	0.000875	0.186954	0.000000	0.000000	0.000000	0.000000	True	True	F098 cpg0003 Rosetta same-condition replicate-holdout ran on CUDA; negative absolute transition and test recall floor miss; no promotion.	outputs/autoresearch_total_autonomy_bioguard_wm_jepa/experiments/F098_cpg0003_rosetta_replicate_holdout
F100	ExternalValidation	External validator	FreshExternalConfirmation	37,38,39	cpg0003_rosetta_CDRPBIO	alternate_test	zero_signature_smiles_delta_calibrated	FAIL_FRESH_EXTERNAL_CONFIRMATION_NO_PROMOTION	-0.647040	0.045943	0.003445	0.000000	1.328555	1400.097856	0.000861	0.004307	0.000000	0.000000	0.000000	0.000000	0.000000	False	False	0.217816	0.000861	0.023818	0.000000	0.000000	0.000000	0.000000	True	True	F100 cpg0003 Rosetta zero-signature source-state ran on CUDA; failed fresh confirmation; no promotion.	outputs/autoresearch_total_autonomy_bioguard_wm_jepa/experiments/F100_cpg0003_rosetta_zero_signature_source
F100	ExternalValidation	External validator	FreshExternalConfirmation	37,38,39	cpg0003_rosetta_CDRPBIO	test	zero_signature_smiles_delta_calibrated	FAIL_FRESH_EXTERNAL_CONFIRMATION_NO_PROMOTION	-0.663257	0.047159	0.002439	0.000000	1.323319	1432.246417	0.002439	0.003252	0.000000	0.000000	0.000000	0.000000	0.000000	False	False	0.204169	0.000000	0.026533	0.000000	0.000000	0.000000	0.000000	True	True	F100 cpg0003 Rosetta zero-signature source-state ran on CUDA; failed fresh confirmation; no promotion.	outputs/autoresearch_total_autonomy_bioguard_wm_jepa/experiments/F100_cpg0003_rosetta_zero_signature_source
F100	ExternalValidation	External validator	FreshExternalConfirmation	37,38,39	cpg0003_rosetta_CDRPBIO	validation	zero_signature_smiles_delta_calibrated	FAIL_FRESH_EXTERNAL_CONFIRMATION_NO_PROMOTION	-0.590939	0.052296	0.003500	0.000000	1.265446	1475.093942	0.002625	0.003500	0.000000	0.000000	0.000000	0.000000	0.000000	False	False	0.303484	0.000875	0.023670	0.000000	0.000000	0.000000	0.000000	True	True	F100 cpg0003 Rosetta zero-signature source-state ran on CUDA; failed fresh confirmation; no promotion.	outputs/autoresearch_total_autonomy_bioguard_wm_jepa/experiments/F100_cpg0003_rosetta_zero_signature_source
F101	ExternalValidation	External validator	FreshExternalConfirmation	37,38,39	cpg0003_rosetta_CDRPBIO	alternate_test	small_scale_smiles_delta_calibrated	FAIL_FRESH_EXTERNAL_CONFIRMATION_NO_PROMOTION	-0.002180	0.241802	0.002584	0.000000	1.327721	0.023559	0.001723	0.002584	0.000000	0.000000	0.000000	0.000000	0.000000	False	False	0.811675	0.000000	0.142072	0.010000	0.000000	0.000000	0.000000	True	True	F101 cpg0003 Rosetta train-only small-scale calibration ran on CUDA; delta and recall floor-safe but transition stayed negative; no promotion.	outputs/autoresearch_total_autonomy_bioguard_wm_jepa/experiments/F101_cpg0003_rosetta_small_scale_calibration
F101	ExternalValidation	External validator	FreshExternalConfirmation	37,38,39	cpg0003_rosetta_CDRPBIO	test	small_scale_smiles_delta_calibrated	FAIL_FRESH_EXTERNAL_CONFIRMATION_NO_PROMOTION	-0.004827	0.201629	0.002439	0.000000	1.307107	0.023774	0.001626	0.002439	0.000000	0.000000	0.000000	0.000000	0.000000	False	False	0.811626	0.000000	0.099374	0.010000	0.000000	0.000000	0.000000	True	True	F101 cpg0003 Rosetta train-only small-scale calibration ran on CUDA; delta and recall floor-safe but transition stayed negative; no promotion.	outputs/autoresearch_total_autonomy_bioguard_wm_jepa/experiments/F101_cpg0003_rosetta_small_scale_calibration
F101	ExternalValidation	External validator	FreshExternalConfirmation	37,38,39	cpg0003_rosetta_CDRPBIO	validation	small_scale_smiles_delta_calibrated	FAIL_FRESH_EXTERNAL_CONFIRMATION_NO_PROMOTION	-0.006810	0.261971	0.002625	0.000000	1.287298	0.024484	0.001750	0.004374	0.000000	0.000000	0.000000	0.000000	0.000000	False	False	0.836607	0.000000	0.186954	0.010000	0.000000	0.000000	0.000000	True	True	F101 cpg0003 Rosetta train-only small-scale calibration ran on CUDA; delta and recall floor-safe but transition stayed negative; no promotion.	outputs/autoresearch_total_autonomy_bioguard_wm_jepa/experiments/F101_cpg0003_rosetta_small_scale_calibration
